
############################################################
# LOG TIME : 2026-03-24 14:25:09
# DATASET  : /workspace1/zhijun/hf_download/datasets/0323_block_stack_optimal
############################################################

############################################################
  Dataset Inspector  |  /workspace1/zhijun/hf_download/datasets/0323_block_stack_optimal
############################################################

============================================================
  HDF5 详细结构: episode_10.hdf5
============================================================
  ├─ joint_action  (293,)  float32  (0.001 MB)
  └─ [observations/]
    ├─ ee_pose  (293, 8)  float32  (0.009 MB)
    ├─ full_joint_pos  (293, 9)  float32  (0.010 MB)
    └─ [images/]
      ├─ camera_front_color  (293, 480, 640, 3)  uint8  (257.520 MB)
      ├─ camera_left_color  (293, 480, 640, 3)  uint8  (257.520 MB)
      ├─ camera_wrist_color  (293, 480, 640, 3)  uint8  (257.520 MB)
    ├─ joint_pos  (293, 9)  float32  (0.010 MB)
    ├─ joint_vel  (293, 9)  float32  (0.010 MB)
    ├─ robot_base_pose_in_world  (293, 4, 4)  float32  (0.018 MB)
  ├─ stage  (293,)  float32  (0.001 MB)
  ├─ timestamp  (293,)  float64  (0.002 MB)

  [Root Attributes]
    sim: False

------------------------------------------------------------
  关键数据内容摘要
------------------------------------------------------------

  [timestamp]
    shape=(293,), dtype=float64
    min=1774254592.917340, max=1774254612.384006, mean=1774254602.650673, std=5.638755
    head(293)=[1774254592.9173396, 1774254592.9840062, 1774254593.050673, 1774254593.1173396, 1774254593.1840062, 1774254593.2506728, 1774254593.3173397, 1774254593.3840063, 1774254593.4506729, 1774254593.5173395, 1774254593.5840063, 1774254593.650673, 1774254593.7173395, 1774254593.784006, 1774254593.850673, 1774254593.9173396, 1774254593.9840062, 1774254594.050673, 1774254594.1173396, 1774254594.1840062, 1774254594.2506728, 1774254594.3173397, 1774254594.3840063, 1774254594.4506729, 1774254594.5173395, 1774254594.5840063, 1774254594.650673, 1774254594.7173395, 1774254594.784006, 1774254594.850673, 1774254594.9173396, 1774254594.9840062, 1774254595.050673, 1774254595.1173396, 1774254595.1840062, 1774254595.2506728, 1774254595.3173397, 1774254595.3840063, 1774254595.4506729, 1774254595.5173395, 1774254595.5840063, 1774254595.650673, 1774254595.7173395, 1774254595.784006, 1774254595.850673, 1774254595.9173396, 1774254595.9840062, 1774254596.050673, 1774254596.1173396, 1774254596.1840062, 1774254596.2506728, 1774254596.3173397, 1774254596.3840063, 1774254596.4506729, 1774254596.5173395, 1774254596.5840063, 1774254596.650673, 1774254596.7173395, 1774254596.784006, 1774254596.850673, 1774254596.9173396, 1774254596.9840062, 1774254597.050673, 1774254597.1173396, 1774254597.1840062, 1774254597.2506728, 1774254597.3173397, 1774254597.3840063, 1774254597.4506729, 1774254597.5173395, 1774254597.5840063, 1774254597.650673, 1774254597.7173395, 1774254597.784006, 1774254597.850673, 1774254597.9173396, 1774254597.9840062, 1774254598.050673, 1774254598.1173396, 1774254598.1840062, 1774254598.2506728, 1774254598.3173397, 1774254598.3840063, 1774254598.4506729, 1774254598.5173395, 1774254598.5840063, 1774254598.650673, 1774254598.7173395, 1774254598.784006, 1774254598.850673, 1774254598.9173396, 1774254598.9840062, 1774254599.050673, 1774254599.1173396, 1774254599.1840062, 1774254599.2506728, 1774254599.3173397, 1774254599.3840063, 1774254599.4506729, 1774254599.5173395, 1774254599.5840063, 1774254599.650673, 1774254599.7173395, 1774254599.784006, 1774254599.850673, 1774254599.9173396, 1774254599.9840062, 1774254600.050673, 1774254600.1173396, 1774254600.1840062, 1774254600.2506728, 1774254600.3173397, 1774254600.3840063, 1774254600.4506729, 1774254600.5173395, 1774254600.5840063, 1774254600.650673, 1774254600.7173395, 1774254600.784006, 1774254600.850673, 1774254600.9173396, 1774254600.9840062, 1774254601.050673, 1774254601.1173396, 1774254601.1840062, 1774254601.2506728, 1774254601.3173397, 1774254601.3840063, 1774254601.4506729, 1774254601.5173395, 1774254601.5840063, 1774254601.650673, 1774254601.7173395, 1774254601.784006, 1774254601.850673, 1774254601.9173396, 1774254601.9840062, 1774254602.050673, 1774254602.1173396, 1774254602.1840062, 1774254602.2506728, 1774254602.3173397, 1774254602.3840063, 1774254602.4506729, 1774254602.5173395, 1774254602.5840063, 1774254602.650673, 1774254602.7173395, 1774254602.784006, 1774254602.850673, 1774254602.9173396, 1774254602.9840062, 1774254603.050673, 1774254603.1173396, 1774254603.1840062, 1774254603.2506728, 1774254603.3173397, 1774254603.3840063, 1774254603.4506729, 1774254603.5173395, 1774254603.5840063, 1774254603.650673, 1774254603.7173395, 1774254603.784006, 1774254603.850673, 1774254603.9173396, 1774254603.9840062, 1774254604.050673, 1774254604.1173396, 1774254604.1840062, 1774254604.2506728, 1774254604.3173397, 1774254604.3840063, 1774254604.4506729, 1774254604.5173395, 1774254604.5840063, 1774254604.650673, 1774254604.7173395, 1774254604.784006, 1774254604.850673, 1774254604.9173396, 1774254604.9840062, 1774254605.050673, 1774254605.1173396, 1774254605.1840062, 1774254605.2506728, 1774254605.3173397, 1774254605.3840063, 1774254605.4506729, 1774254605.5173395, 1774254605.5840063, 1774254605.650673, 1774254605.7173395, 1774254605.784006, 1774254605.850673, 1774254605.9173396, 1774254605.9840062, 1774254606.050673, 1774254606.1173396, 1774254606.1840062, 1774254606.2506728, 1774254606.3173397, 1774254606.3840063, 1774254606.4506729, 1774254606.5173395, 1774254606.5840063, 1774254606.650673, 1774254606.7173395, 1774254606.784006, 1774254606.850673, 1774254606.9173396, 1774254606.9840062, 1774254607.050673, 1774254607.1173396, 1774254607.1840062, 1774254607.2506728, 1774254607.3173397, 1774254607.3840063, 1774254607.4506729, 1774254607.5173395, 1774254607.5840063, 1774254607.650673, 1774254607.7173395, 1774254607.784006, 1774254607.850673, 1774254607.9173396, 1774254607.9840062, 1774254608.050673, 1774254608.1173396, 1774254608.1840062, 1774254608.2506728, 1774254608.3173397, 1774254608.3840063, 1774254608.4506729, 1774254608.5173395, 1774254608.5840063, 1774254608.650673, 1774254608.7173395, 1774254608.784006, 1774254608.850673, 1774254608.9173396, 1774254608.9840062, 1774254609.050673, 1774254609.1173396, 1774254609.1840062, 1774254609.2506728, 1774254609.3173397, 1774254609.3840063, 1774254609.4506729, 1774254609.5173395, 1774254609.5840063, 1774254609.650673, 1774254609.7173395, 1774254609.784006, 1774254609.850673, 1774254609.9173396, 1774254609.9840062, 1774254610.050673, 1774254610.1173396, 1774254610.1840062, 1774254610.2506728, 1774254610.3173397, 1774254610.3840063, 1774254610.4506729, 1774254610.5173395, 1774254610.5840063, 1774254610.650673, 1774254610.7173395, 1774254610.784006, 1774254610.850673, 1774254610.9173396, 1774254610.9840062, 1774254611.050673, 1774254611.1173396, 1774254611.1840062, 1774254611.2506728, 1774254611.3173397, 1774254611.3840063, 1774254611.4506729, 1774254611.5173395, 1774254611.5840063, 1774254611.650673, 1774254611.7173395, 1774254611.784006, 1774254611.850673, 1774254611.9173396, 1774254611.9840062, 1774254612.050673, 1774254612.1173396, 1774254612.1840062, 1774254612.2506728, 1774254612.3173397, 1774254612.3840063]

  [stage]
    shape=(293,), dtype=float32
    min=0.000000, max=0.000000, mean=0.000000, std=0.000000
    head(293)=[0.0, 0.0, 0.0, 0.0, 0.0, 0.0, 0.0, 0.0, 0.0, 0.0, 0.0, 0.0, 0.0, 0.0, 0.0, 0.0, 0.0, 0.0, 0.0, 0.0, 0.0, 0.0, 0.0, 0.0, 0.0, 0.0, 0.0, 0.0, 0.0, 0.0, 0.0, 0.0, 0.0, 0.0, 0.0, 0.0, 0.0, 0.0, 0.0, 0.0, 0.0, 0.0, 0.0, 0.0, 0.0, 0.0, 0.0, 0.0, 0.0, 0.0, 0.0, 0.0, 0.0, 0.0, 0.0, 0.0, 0.0, 0.0, 0.0, 0.0, 0.0, 0.0, 0.0, 0.0, 0.0, 0.0, 0.0, 0.0, 0.0, 0.0, 0.0, 0.0, 0.0, 0.0, 0.0, 0.0, 0.0, 0.0, 0.0, 0.0, 0.0, 0.0, 0.0, 0.0, 0.0, 0.0, 0.0, 0.0, 0.0, 0.0, 0.0, 0.0, 0.0, 0.0, 0.0, 0.0, 0.0, 0.0, 0.0, 0.0, 0.0, 0.0, 0.0, 0.0, 0.0, 0.0, 0.0, 0.0, 0.0, 0.0, 0.0, 0.0, 0.0, 0.0, 0.0, 0.0, 0.0, 0.0, 0.0, 0.0, 0.0, 0.0, 0.0, 0.0, 0.0, 0.0, 0.0, 0.0, 0.0, 0.0, 0.0, 0.0, 0.0, 0.0, 0.0, 0.0, 0.0, 0.0, 0.0, 0.0, 0.0, 0.0, 0.0, 0.0, 0.0, 0.0, 0.0, 0.0, 0.0, 0.0, 0.0, 0.0, 0.0, 0.0, 0.0, 0.0, 0.0, 0.0, 0.0, 0.0, 0.0, 0.0, 0.0, 0.0, 0.0, 0.0, 0.0, 0.0, 0.0, 0.0, 0.0, 0.0, 0.0, 0.0, 0.0, 0.0, 0.0, 0.0, 0.0, 0.0, 0.0, 0.0, 0.0, 0.0, 0.0, 0.0, 0.0, 0.0, 0.0, 0.0, 0.0, 0.0, 0.0, 0.0, 0.0, 0.0, 0.0, 0.0, 0.0, 0.0, 0.0, 0.0, 0.0, 0.0, 0.0, 0.0, 0.0, 0.0, 0.0, 0.0, 0.0, 0.0, 0.0, 0.0, 0.0, 0.0, 0.0, 0.0, 0.0, 0.0, 0.0, 0.0, 0.0, 0.0, 0.0, 0.0, 0.0, 0.0, 0.0, 0.0, 0.0, 0.0, 0.0, 0.0, 0.0, 0.0, 0.0, 0.0, 0.0, 0.0, 0.0, 0.0, 0.0, 0.0, 0.0, 0.0, 0.0, 0.0, 0.0, 0.0, 0.0, 0.0, 0.0, 0.0, 0.0, 0.0, 0.0, 0.0, 0.0, 0.0, 0.0, 0.0, 0.0, 0.0, 0.0, 0.0, 0.0, 0.0, 0.0, 0.0, 0.0, 0.0, 0.0, 0.0, 0.0, 0.0, 0.0, 0.0, 0.0, 0.0, 0.0, 0.0, 0.0, 0.0, 0.0, 0.0, 0.0, 0.0, 0.0, 0.0, 0.0, 0.0, 0.0]

  [joint_action]
    shape=(293,), dtype=float32
    min=0.000000, max=0.080000, mean=0.040137, std=0.040000
    head(293)=[0.0, 0.07999999821186066, 0.07999999821186066, 0.07999999821186066, 0.07999999821186066, 0.07999999821186066, 0.07999999821186066, 0.07999999821186066, 0.07999999821186066, 0.07999999821186066, 0.07999999821186066, 0.07999999821186066, 0.07999999821186066, 0.07999999821186066, 0.07999999821186066, 0.07999999821186066, 0.07999999821186066, 0.07999999821186066, 0.07999999821186066, 0.07999999821186066, 0.07999999821186066, 0.07999999821186066, 0.07999999821186066, 0.07999999821186066, 0.07999999821186066, 0.07999999821186066, 0.07999999821186066, 0.07999999821186066, 0.07999999821186066, 0.07999999821186066, 0.07999999821186066, 0.07999999821186066, 0.07999999821186066, 0.07999999821186066, 0.07999999821186066, 0.07999999821186066, 0.07999999821186066, 0.07999999821186066, 0.07999999821186066, 0.07999999821186066, 0.07999999821186066, 0.07999999821186066, 0.07999999821186066, 0.07999999821186066, 0.07999999821186066, 0.07999999821186066, 0.07999999821186066, 0.07999999821186066, 0.07999999821186066, 0.07999999821186066, 0.07999999821186066, 0.07999999821186066, 0.07999999821186066, 0.07999999821186066, 0.07999999821186066, 0.07999999821186066, 0.07999999821186066, 0.07999999821186066, 0.07999999821186066, 0.07999999821186066, 0.07999999821186066, 0.07999999821186066, 0.07999999821186066, 0.07999999821186066, 0.07999999821186066, 0.07999999821186066, 0.07999999821186066, 0.07999999821186066, 0.07999999821186066, 0.07999999821186066, 0.07999999821186066, 0.07999999821186066, 0.07999999821186066, 0.07999999821186066, 0.07999999821186066, 0.07999999821186066, 0.07999999821186066, 0.07999999821186066, 0.07999999821186066, 0.07999999821186066, 0.07999999821186066, 0.07999999821186066, 0.07999999821186066, 0.07999999821186066, 0.07999999821186066, 0.07999999821186066, 0.07999999821186066, 0.07999999821186066, 0.07999999821186066, 0.07999999821186066, 0.07999999821186066, 0.07999999821186066, 0.07999999821186066, 0.07999999821186066, 0.07999999821186066, 0.07999999821186066, 0.07999999821186066, 0.07999999821186066, 0.07999999821186066, 0.07999999821186066, 0.07999999821186066, 0.07999999821186066, 0.07999999821186066, 0.07999999821186066, 0.07999999821186066, 0.07999999821186066, 0.07999999821186066, 0.07999999821186066, 0.07999999821186066, 0.07999999821186066, 0.07999999821186066, 0.07999999821186066, 0.07999999821186066, 0.07999999821186066, 0.07999999821186066, 0.0, 0.0, 0.0, 0.0, 0.0, 0.0, 0.0, 0.0, 0.0, 0.0, 0.0, 0.0, 0.0, 0.0, 0.0, 0.0, 0.0, 0.0, 0.0, 0.0, 0.0, 0.0, 0.0, 0.0, 0.0, 0.0, 0.0, 0.0, 0.0, 0.0, 0.0, 0.0, 0.0, 0.0, 0.0, 0.0, 0.0, 0.0, 0.0, 0.0, 0.0, 0.0, 0.0, 0.0, 0.0, 0.0, 0.0, 0.0, 0.0, 0.0, 0.0, 0.0, 0.0, 0.0, 0.0, 0.0, 0.0, 0.0, 0.0, 0.0, 0.0, 0.0, 0.0, 0.0, 0.0, 0.0, 0.0, 0.0, 0.0, 0.0, 0.0, 0.0, 0.0, 0.0, 0.0, 0.0, 0.0, 0.0, 0.0, 0.0, 0.0, 0.0, 0.0, 0.0, 0.0, 0.0, 0.0, 0.0, 0.0, 0.0, 0.0, 0.0, 0.0, 0.0, 0.0, 0.0, 0.0, 0.0, 0.0, 0.0, 0.0, 0.0, 0.0, 0.0, 0.0, 0.0, 0.0, 0.0, 0.0, 0.0, 0.0, 0.0, 0.0, 0.0, 0.0, 0.0, 0.0, 0.0, 0.0, 0.0, 0.0, 0.0, 0.0, 0.0, 0.0, 0.0, 0.0, 0.0, 0.0, 0.0, 0.0, 0.0, 0.0, 0.0, 0.0, 0.0, 0.0, 0.0, 0.0, 0.0, 0.0, 0.0, 0.0, 0.07999999821186066, 0.0, 0.0, 0.07999999821186066, 0.07999999821186066, 0.07999999821186066, 0.07999999821186066, 0.07999999821186066, 0.07999999821186066, 0.07999999821186066, 0.07999999821186066, 0.07999999821186066, 0.07999999821186066, 0.07999999821186066, 0.07999999821186066, 0.07999999821186066, 0.07999999821186066, 0.07999999821186066, 0.07999999821186066, 0.07999999821186066, 0.07999999821186066, 0.07999999821186066, 0.07999999821186066, 0.07999999821186066, 0.07999999821186066, 0.07999999821186066, 0.07999999821186066, 0.07999999821186066, 0.07999999821186066, 0.07999999821186066, 0.07999999821186066, 0.07999999821186066, 0.07999999821186066, 0.07999999821186066, 0.07999999821186066]

  [observations/joint_pos]
    shape=(293, 9), dtype=float32
    min=-2.834591, max=2.708598, mean=0.143009, std=1.208943
    head(293)=
      t=0: [0.002286350354552269, -0.7767765522003174, 0.009643134661018848, -2.8322737216949463, -0.019728848710656166, 2.0346431732177734, 0.8750865459442139, 0.07935291528701782, 0.07935291528701782]
      t=1: [0.00228608725592494, -0.7767755389213562, 0.009642495773732662, -2.8322744369506836, -0.01973036676645279, 2.0346455574035645, 0.8750921487808228, 0.07935291528701782, 0.07935291528701782]
      t=2: [0.002283945446833968, -0.7767753005027771, 0.009651392698287964, -2.8322761058807373, -0.019729657098650932, 2.0346434116363525, 0.8750943541526794, 0.07935291528701782, 0.07935291528701782]
      t=3: [0.0022792040836066008, -0.7767778635025024, 0.00964965671300888, -2.8322761058807373, -0.01972923055291176, 2.034639835357666, 0.8750978708267212, 0.07935291528701782, 0.07935291528701782]
      t=4: [0.0022807493805885315, -0.776779055595398, 0.009653860703110695, -2.8322761058807373, -0.01973402127623558, 2.0346410274505615, 0.8750990033149719, 0.07935225963592529, 0.07935225963592529]
      t=5: [0.0022800001315772533, -0.7767733931541443, 0.009652971290051937, -2.832274913787842, -0.01973045989871025, 2.03464412689209, 0.8751046657562256, 0.07935225963592529, 0.07935225963592529]
      t=6: [0.0022768548224121332, -0.7767293453216553, 0.00966098066419363, -2.83227801322937, -0.019730815663933754, 2.0346691608428955, 0.8751064538955688, 0.07935225963592529, 0.07935225963592529]
      t=7: [0.0022815829142928123, -0.7760236263275146, 0.009675730019807816, -2.832378625869751, -0.0197313129901886, 2.0354137420654297, 0.8751034736633301, 0.07935225963592529, 0.07935225963592529]
      t=8: [0.002282574772834778, -0.7739930748939514, 0.009728546254336834, -2.832782745361328, -0.019731055945158005, 2.037264347076416, 0.8751059174537659, 0.07935225963592529, 0.07935225963592529]
      t=9: [0.002297485712915659, -0.7697240710258484, 0.010034199804067612, -2.8332595825195312, -0.019729744642972946, 2.0408759117126465, 0.8751040697097778, 0.07935225963592529, 0.07935225963592529]
      t=10: [0.002305481815710664, -0.7617849111557007, 0.010442768223583698, -2.8337786197662354, -0.019730113446712494, 2.0473990440368652, 0.8751028180122375, 0.07935225963592529, 0.07935225963592529]
      t=11: [0.0023141195997595787, -0.7543076276779175, 0.01086887251585722, -2.8340609073638916, -0.019734790548682213, 2.0534017086029053, 0.8750994205474854, 0.07935225963592529, 0.07935225963592529]
      t=12: [0.0023322408087551594, -0.743786633014679, 0.011458215303719044, -2.8342909812927246, -0.019734378904104233, 2.0625832080841064, 0.8750988245010376, 0.07935225963592529, 0.07935225963592529]
      t=13: [0.00237396452575922, -0.7338053584098816, 0.011981680989265442, -2.8344552516937256, -0.019730662927031517, 2.071397304534912, 0.8751023411750793, 0.07935291528701782, 0.07935291528701782]
      t=14: [0.0027863439172506332, -0.721238374710083, 0.01242485549300909, -2.834554433822632, -0.019735295325517654, 2.083177328109741, 0.8750987648963928, 0.07935291528701782, 0.07935291528701782]
      t=15: [0.0034645232371985912, -0.7105122804641724, 0.01283170748502016, -2.8345696926116943, -0.01973208226263523, 2.093721866607666, 0.875099778175354, 0.07935291528701782, 0.07935291528701782]
      t=16: [0.004931156989187002, -0.6968114376068115, 0.013534453697502613, -2.8345913887023926, -0.01973368600010872, 2.10796856880188, 0.8750903606414795, 0.07935291528701782, 0.07935291528701782]
      t=17: [0.006451388821005821, -0.6862741112709045, 0.014269540086388588, -2.8345847129821777, -0.019732385873794556, 2.119818925857544, 0.875092625617981, 0.07935291528701782, 0.07935291528701782]
      t=18: [0.008619130589067936, -0.6740866899490356, 0.015169477090239525, -2.8345773220062256, -0.019733276218175888, 2.1334688663482666, 0.8750865459442139, 0.07935291528701782, 0.07935291528701782]
      t=19: [0.012016274966299534, -0.6609143614768982, 0.0160352885723114, -2.8345746994018555, -0.01972918026149273, 2.149156093597412, 0.8750949501991272, 0.07935291528701782, 0.07935291528701782]
      t=20: [0.016114292666316032, -0.6471520662307739, 0.01657230779528618, -2.8345746994018555, -0.019728275015950203, 2.165208339691162, 0.8750956654548645, 0.07935291528701782, 0.07935291528701782]
      t=21: [0.01910785771906376, -0.6352909803390503, 0.017083710059523582, -2.8345792293548584, -0.01972995139658451, 2.179320812225342, 0.8750919103622437, 0.07935291528701782, 0.07935291528701782]
      t=22: [0.022080998867750168, -0.620023787021637, 0.017643645405769348, -2.8345651626586914, -0.01972941868007183, 2.197427272796631, 0.8750945329666138, 0.07935225963592529, 0.07935225963592529]
      t=23: [0.025234252214431763, -0.6063726544380188, 0.017962252721190453, -2.8345563411712646, -0.019731173291802406, 2.2137365341186523, 0.8750927448272705, 0.07935225963592529, 0.07935225963592529]
      t=24: [0.02904912829399109, -0.5928055047988892, 0.018234269693493843, -2.8345515727996826, -0.01973005384206772, 2.230250597000122, 0.8750929236412048, 0.07935225963592529, 0.07935225963592529]
      t=25: [0.032491523772478104, -0.5789327621459961, 0.018729640170931816, -2.834538221359253, -0.019731033593416214, 2.2471132278442383, 0.8750978708267212, 0.07935225963592529, 0.07935225963592529]
      t=26: [0.03560516983270645, -0.5633373856544495, 0.01931671053171158, -2.8345258235931396, -0.019730577245354652, 2.2658700942993164, 0.875103771686554, 0.07935225963592529, 0.07935225963592529]
      t=27: [0.03880405053496361, -0.5501220226287842, 0.01962237060070038, -2.834531307220459, -0.019730575382709503, 2.2821216583251953, 0.8753044009208679, 0.07935225963592529, 0.07935225963592529]
      t=28: [0.04344172030687332, -0.5342199802398682, 0.019887087866663933, -2.8345108032226562, -0.019728470593690872, 2.3016414642333984, 0.876649022102356, 0.07935225963592529, 0.07935225963592529]
      t=29: [0.047137852758169174, -0.5206165909767151, 0.020222030580043793, -2.834494113922119, -0.019727617502212524, 2.3180758953094482, 0.879348874092102, 0.07935225963592529, 0.07935225963592529]
      t=30: [0.052114084362983704, -0.505098283290863, 0.020506631582975388, -2.83447265625, -0.01972731202840805, 2.336690902709961, 0.8833515048027039, 0.07935225963592529, 0.07935225963592529]
      t=31: [0.05735892057418823, -0.4917812943458557, 0.02073207125067711, -2.8344719409942627, -0.019727731123566628, 2.352532386779785, 0.8876625299453735, 0.07935225963592529, 0.07935225963592529]
      t=32: [0.06244788318872452, -0.4782845377922058, 0.021389037370681763, -2.8342599868774414, -0.019725322723388672, 2.3685662746429443, 0.8937509059906006, 0.07935225963592529, 0.07935225963592529]
      t=33: [0.06938894838094711, -0.4635568857192993, 0.021683262661099434, -2.833850145339966, -0.019724251702427864, 2.3860878944396973, 0.9037109613418579, 0.07935225963592529, 0.07935225963592529]
      t=34: [0.07675983011722565, -0.4490385055541992, 0.022220855578780174, -2.8322885036468506, -0.01972324028611183, 2.4023773670196533, 0.9160609841346741, 0.07935225963592529, 0.07935225963592529]
      t=35: [0.08410204201936722, -0.43687132000923157, 0.022551653906702995, -2.8300745487213135, -0.019720984622836113, 2.414564609527588, 0.9284682869911194, 0.07935225963592529, 0.07935225963592529]
      t=36: [0.09272187948226929, -0.4234102666378021, 0.023248137906193733, -2.8268544673919678, -0.019720062613487244, 2.4276182651519775, 0.9445536136627197, 0.07935225963592529, 0.07935225963592529]
      t=37: [0.10192499309778214, -0.4104307293891907, 0.023939505219459534, -2.822436571121216, -0.019720783457159996, 2.4380850791931152, 0.9607058167457581, 0.07935225963592529, 0.07935225963592529]
      t=38: [0.11047733575105667, -0.3988628387451172, 0.02461382746696472, -2.8167057037353516, -0.01971794292330742, 2.445047378540039, 0.9750467538833618, 0.07935225963592529, 0.07935225963592529]
      t=39: [0.11884074658155441, -0.386644572019577, 0.02537914551794529, -2.8101775646209717, -0.019716989248991013, 2.451336145401001, 0.9898630380630493, 0.07935291528701782, 0.07935291528701782]
      t=40: [0.1274762898683548, -0.37374407052993774, 0.02578970417380333, -2.8024160861968994, -0.01972016878426075, 2.4572412967681885, 1.0054460763931274, 0.07935291528701782, 0.07935291528701782]
      t=41: [0.13575614988803864, -0.36065489053726196, 0.025925228372216225, -2.794877290725708, -0.0197145938873291, 2.462503671646118, 1.0208081007003784, 0.07935291528701782, 0.07935291528701782]
      t=42: [0.14448179304599762, -0.3450227379798889, 0.02632158063352108, -2.78519868850708, -0.019715063273906708, 2.467984676361084, 1.0371286869049072, 0.07935291528701782, 0.07935291528701782]
      t=43: [0.1513880342245102, -0.331724613904953, 0.026410037651658058, -2.777019500732422, -0.019715430215001106, 2.4718220233917236, 1.0491983890533447, 0.07935291528701782, 0.07935291528701782]
      t=44: [0.1588689237833023, -0.3148402273654938, 0.026453528553247452, -2.7667739391326904, -0.01971416175365448, 2.4764339923858643, 1.0630062818527222, 0.07935291528701782, 0.07935291528701782]
      t=45: [0.16481967270374298, -0.2984846830368042, 0.02660008706152439, -2.756802558898926, -0.019718293100595474, 2.4805610179901123, 1.0738704204559326, 0.07935291528701782, 0.07935291528701782]
      t=46: [0.1702619343996048, -0.27841517329216003, 0.026616401970386505, -2.7439606189727783, -0.01971379481256008, 2.4848904609680176, 1.0850359201431274, 0.07935291528701782, 0.07935291528701782]
      t=47: [0.1752610057592392, -0.2596912682056427, 0.026620827615261078, -2.7310686111450195, -0.019717274233698845, 2.4884984493255615, 1.0942834615707397, 0.07935291528701782, 0.07935291528701782]
      t=48: [0.1796623021364212, -0.24105653166770935, 0.0266463253647089, -2.718242883682251, -0.019717950373888016, 2.4920637607574463, 1.101430892944336, 0.07935291528701782, 0.07935291528701782]
      t=49: [0.18458203971385956, -0.22125010192394257, 0.026648491621017456, -2.704516649246216, -0.01971788890659809, 2.496328830718994, 1.1073155403137207, 0.07935291528701782, 0.07935291528701782]
      t=50: [0.19031023979187012, -0.19844503700733185, 0.026794489473104477, -2.688918113708496, -0.019718129187822342, 2.5023365020751953, 1.11258864402771, 0.07935291528701782, 0.07935291528701782]
      t=51: [0.19489125907421112, -0.17876088619232178, 0.027002910152077675, -2.675577163696289, -0.019718490540981293, 2.508716583251953, 1.1167479753494263, 0.07935291528701782, 0.07935291528701782]
      t=52: [0.2010854333639145, -0.15449607372283936, 0.027031185105443, -2.6600289344787598, -0.0197184719145298, 2.517411470413208, 1.1225171089172363, 0.07935291528701782, 0.07935291528701782]
      t=53: [0.20542873442173004, -0.1349206268787384, 0.027077877894043922, -2.6479861736297607, -0.019715772941708565, 2.5241012573242188, 1.1276286840438843, 0.07935291528701782, 0.07935291528701782]
      t=54: [0.20942248404026031, -0.11502405256032944, 0.02708316035568714, -2.636475086212158, -0.01971476525068283, 2.5318374633789062, 1.1330761909484863, 0.07935291528701782, 0.07935291528701782]
      t=55: [0.2135135531425476, -0.091375932097435, 0.02709176577627659, -2.6224188804626465, -0.01971619389951229, 2.542360305786133, 1.138798713684082, 0.07935291528701782, 0.07935291528701782]
      t=56: [0.21578970551490784, -0.0730912983417511, 0.027163272723555565, -2.611234664916992, -0.019717292860150337, 2.550800323486328, 1.142346739768982, 0.07935291528701782, 0.07935291528701782]
      t=57: [0.2178291231393814, -0.051944464445114136, 0.027223842218518257, -2.5977964401245117, -0.0197162963449955, 2.559617519378662, 1.1461613178253174, 0.07935291528701782, 0.07935291528701782]
      t=58: [0.2196144014596939, -0.03535866737365723, 0.027232948690652847, -2.5872912406921387, -0.019716564565896988, 2.565237283706665, 1.1494609117507935, 0.07935291528701782, 0.07935291528701782]
      t=59: [0.2222105711698532, -0.018926216289401054, 0.02725723199546337, -2.57653546333313, -0.019715650007128716, 2.5698626041412354, 1.1532424688339233, 0.07935291528701782, 0.07935291528701782]
      t=60: [0.2254427969455719, -0.000544438895303756, 0.027270976454019547, -2.5638976097106934, -0.019718000665307045, 2.5747931003570557, 1.1578874588012695, 0.07935291528701782, 0.07935291528701782]
      t=61: [0.22765715420246124, 0.01432532723993063, 0.027287593111395836, -2.5533578395843506, -0.01972157321870327, 2.578622341156006, 1.1616294384002686, 0.07935291528701782, 0.07935291528701782]
      t=62: [0.22951023280620575, 0.031316522508859634, 0.027301810681819916, -2.5404250621795654, -0.019720127806067467, 2.5830373764038086, 1.1652766466140747, 0.07935291528701782, 0.07935291528701782]
      t=63: [0.23084667325019836, 0.04611861705780029, 0.027318499982357025, -2.529174327850342, -0.019716646522283554, 2.5871706008911133, 1.1680065393447876, 0.07935291528701782, 0.07935291528701782]
      t=64: [0.23243430256843567, 0.05976824834942818, 0.027345959097146988, -2.5186357498168945, -0.01971890591084957, 2.5906667709350586, 1.1702446937561035, 0.07935291528701782, 0.07935291528701782]
      t=65: [0.23534981906414032, 0.07691307365894318, 0.027378562837839127, -2.5055251121520996, -0.019720036536455154, 2.5945560932159424, 1.1730719804763794, 0.07935291528701782, 0.07935291528701782]
      t=66: [0.23796699941158295, 0.0894116535782814, 0.027430610731244087, -2.496183395385742, -0.01971924677491188, 2.5970516204833984, 1.1752955913543701, 0.07935291528701782, 0.07935291528701782]
      t=67: [0.24073128402233124, 0.10350475460290909, 0.027750438079237938, -2.4851012229919434, -0.019718017429113388, 2.599553108215332, 1.1786470413208008, 0.07935291528701782, 0.07935291528701782]
      t=68: [0.24263441562652588, 0.1179148256778717, 0.028122514486312866, -2.473602294921875, -0.019720595329999924, 2.6018826961517334, 1.183670997619629, 0.07935291528701782, 0.07935291528701782]
      t=69: [0.24398382008075714, 0.1293967366218567, 0.028364162892103195, -2.463414430618286, -0.0197184756398201, 2.603567123413086, 1.1885476112365723, 0.07935291528701782, 0.07935291528701782]
      t=70: [0.24586956202983856, 0.14184987545013428, 0.028564676642417908, -2.4525980949401855, -0.019718781113624573, 2.6051864624023438, 1.1939746141433716, 0.07935291528701782, 0.07935291528701782]
      t=71: [0.24834130704402924, 0.15322235226631165, 0.028655489906668663, -2.442112684249878, -0.019715284928679466, 2.6063549518585205, 1.19843590259552, 0.07935291528701782, 0.07935291528701782]
      t=72: [0.2518402934074402, 0.16775135695934296, 0.02870178408920765, -2.429173469543457, -0.01971619576215744, 2.6076011657714844, 1.2037012577056885, 0.07935291528701782, 0.07935291528701782]
      t=73: [0.2538258135318756, 0.17844054102897644, 0.028779150918126106, -2.4190566539764404, -0.01971919648349285, 2.608452558517456, 1.2071055173873901, 0.07935291528701782, 0.07935291528701782]
      t=74: [0.25512903928756714, 0.19105970859527588, 0.02880614995956421, -2.4072463512420654, -0.019721893593668938, 2.609203577041626, 1.2102069854736328, 0.07935225963592529, 0.07935225963592529]
      t=75: [0.2557925581932068, 0.20169398188591003, 0.02880646474659443, -2.397409677505493, -0.01971558667719364, 2.6097195148468018, 1.2125064134597778, 0.07935225963592529, 0.07935225963592529]
      t=76: [0.256254106760025, 0.21214896440505981, 0.02880760282278061, -2.3880677223205566, -0.019718365743756294, 2.6102280616760254, 1.21450674533844, 0.07935225963592529, 0.07935225963592529]
      t=77: [0.25665685534477234, 0.22440016269683838, 0.028810996562242508, -2.377382278442383, -0.019718680530786514, 2.6108410358428955, 1.2166001796722412, 0.07935225963592529, 0.07935225963592529]
      t=78: [0.2567993402481079, 0.234236478805542, 0.02881179191172123, -2.36808705329895, -0.01972208172082901, 2.6113171577453613, 1.2180589437484741, 0.07935291528701782, 0.07935291528701782]
      t=79: [0.25688472390174866, 0.24482062458992004, 0.028807319700717926, -2.357625722885132, -0.019718201830983162, 2.6117091178894043, 1.21993088722229, 0.07935291528701782, 0.07935291528701782]
      t=80: [0.2569189965724945, 0.2539026141166687, 0.02881285361945629, -2.3484866619110107, -0.019719239324331284, 2.6120681762695312, 1.221835970878601, 0.07935291528701782, 0.07935291528701782]
      t=81: [0.2569337487220764, 0.2624797224998474, 0.028811626136302948, -2.3402791023254395, -0.019717512652277946, 2.6122214794158936, 1.2238645553588867, 0.07935291528701782, 0.07935291528701782]
      t=82: [0.25696441531181335, 0.27319011092185974, 0.028807859867811203, -2.330845832824707, -0.019718781113624573, 2.612339735031128, 1.2264820337295532, 0.07935291528701782, 0.07935291528701782]
      t=83: [0.25697824358940125, 0.28129926323890686, 0.028810396790504456, -2.3243415355682373, -0.019717678427696228, 2.6124539375305176, 1.2282389402389526, 0.07935291528701782, 0.07935291528701782]
      t=84: [0.2569810152053833, 0.2900044918060303, 0.028810396790504456, -2.3177154064178467, -0.019714640453457832, 2.6125071048736572, 1.2297941446304321, 0.07935225963592529, 0.07935225963592529]
      t=85: [0.256980299949646, 0.30008816719055176, 0.02881089225411415, -2.311038017272949, -0.019717680290341377, 2.61259126663208, 1.2311294078826904, 0.07935225963592529, 0.07935225963592529]
      t=86: [0.2569781541824341, 0.3086416721343994, 0.028808919712901115, -2.3052220344543457, -0.019720783457159996, 2.61311411857605, 1.2321093082427979, 0.07935225963592529, 0.07935225963592529]
      t=87: [0.25698086619377136, 0.3166868984699249, 0.028807036578655243, -2.3007073402404785, -0.01971888728439808, 2.6150050163269043, 1.232884168624878, 0.07935225963592529, 0.07935225963592529]
      t=88: [0.2569736838340759, 0.3236737549304962, 0.028809240087866783, -2.2970356941223145, -0.019719848409295082, 2.6178767681121826, 1.2334026098251343, 0.07935225963592529, 0.07935225963592529]
      t=89: [0.256974995136261, 0.33018234372138977, 0.02881013974547386, -2.2937705516815186, -0.019723383709788322, 2.6209475994110107, 1.2338261604309082, 0.07935291528701782, 0.07935291528701782]
      t=90: [0.2569767236709595, 0.3369959592819214, 0.02880973182618618, -2.2916922569274902, -0.019718404859304428, 2.6250219345092773, 1.2341350317001343, 0.07935291528701782, 0.07935291528701782]
      t=91: [0.2569688856601715, 0.3428093492984772, 0.028805552050471306, -2.2906739711761475, -0.019718341529369354, 2.6294105052948, 1.234370470046997, 0.07935291528701782, 0.07935291528701782]
      t=92: [0.25695857405662537, 0.34941521286964417, 0.028800636529922485, -2.2897696495056152, -0.019718285650014877, 2.634700298309326, 1.23460054397583, 0.07935291528701782, 0.07935291528701782]
      t=93: [0.25695961713790894, 0.35415589809417725, 0.028797026723623276, -2.289238691329956, -0.019715549424290657, 2.6387476921081543, 1.234757900238037, 0.07935291528701782, 0.07935291528701782]
      t=94: [0.2569582164287567, 0.35998690128326416, 0.028796738013625145, -2.2884671688079834, -0.019719241186976433, 2.64326548576355, 1.234872579574585, 0.07935291528701782, 0.07935291528701782]
      t=95: [0.2569573223590851, 0.3642362356185913, 0.028794489800930023, -2.2878658771514893, -0.019719121977686882, 2.647049903869629, 1.2349331378936768, 0.07935291528701782, 0.07935291528701782]
      t=96: [0.2569573223590851, 0.3687031865119934, 0.028795719146728516, -2.2870864868164062, -0.01971808820962906, 2.6531906127929688, 1.2350080013275146, 0.07935291528701782, 0.07935291528701782]
      t=97: [0.2569561004638672, 0.372290700674057, 0.028795816004276276, -2.2862296104431152, -0.019718311727046967, 2.6592226028442383, 1.2350531816482544, 0.07935291528701782, 0.07935291528701782]
      t=98: [0.25695979595184326, 0.3757334053516388, 0.028795728459954262, -2.285590410232544, -0.019718904048204422, 2.6655683517456055, 1.2350950241088867, 0.07935291528701782, 0.07935291528701782]
      t=99: [0.2569582164287567, 0.37983617186546326, 0.028796428814530373, -2.2849466800689697, -0.019719237461686134, 2.6726202964782715, 1.235134482383728, 0.07935291528701782, 0.07935291528701782]
      t=100: [0.25695618987083435, 0.3846660852432251, 0.02879280038177967, -2.2838656902313232, -0.01971786841750145, 2.67863130569458, 1.235176682472229, 0.07935291528701782, 0.07935291528701782]
      t=101: [0.2569533884525299, 0.3889315724372864, 0.028791826218366623, -2.282607078552246, -0.019718781113624573, 2.68314266204834, 1.2351977825164795, 0.07935291528701782, 0.07935291528701782]
      t=102: [0.2569376826286316, 0.39344245195388794, 0.02878032624721527, -2.28053617477417, -0.01971832476556301, 2.68825101852417, 1.2352302074432373, 0.07935291528701782, 0.07935291528701782]
      t=103: [0.25692373514175415, 0.39683136343955994, 0.02877194806933403, -2.278740406036377, -0.019716886803507805, 2.692336320877075, 1.2352548837661743, 0.07935225963592529, 0.07935225963592529]
      t=104: [0.2569172978401184, 0.4009671211242676, 0.028771884739398956, -2.276780366897583, -0.01971704140305519, 2.69669508934021, 1.235285758972168, 0.07935225963592529, 0.07935225963592529]
      t=105: [0.2569037079811096, 0.40387341380119324, 0.0287654846906662, -2.2753379344940186, -0.019721979275345802, 2.699122428894043, 1.2353110313415527, 0.07935225963592529, 0.07935225963592529]
      t=106: [0.25685983896255493, 0.40689679980278015, 0.028731906786561012, -2.273574113845825, -0.01971394568681717, 2.7011606693267822, 1.2353416681289673, 0.07935225963592529, 0.07935225963592529]
      t=107: [0.25665315985679626, 0.4106449782848358, 0.028396176174283028, -2.271397113800049, -0.01971832476556301, 2.703150510787964, 1.2354029417037964, 0.07935225963592529, 0.07935225963592529]
      t=108: [0.25633305311203003, 0.4132351577281952, 0.027673965319991112, -2.2700531482696533, -0.01972014270722866, 2.7042787075042725, 1.235551118850708, 0.07935225963592529, 0.07935225963592529]
      t=109: [0.2559131979942322, 0.41491633653640747, 0.026628941297531128, -2.269123077392578, -0.019718265160918236, 2.7049319744110107, 1.2356034517288208, 0.07935225963592529, 0.07935225963592529]
      t=110: [0.2552708685398102, 0.4166766107082367, 0.025133617222309113, -2.2682998180389404, -0.01971600204706192, 2.7054531574249268, 1.2356401681900024, 0.07935225963592529, 0.07935225963592529]
      t=111: [0.25467124581336975, 0.4180831015110016, 0.023993490263819695, -2.2679662704467773, -0.019718781113624573, 2.7057301998138428, 1.2356586456298828, 0.07935291528701782, 0.07935291528701782]
      t=112: [0.2541472315788269, 0.41982975602149963, 0.02261696197092533, -2.2678093910217285, -0.01972021907567978, 2.7059457302093506, 1.235680103302002, 0.07935291528701782, 0.07935291528701782]
      t=113: [0.25393614172935486, 0.42107123136520386, 0.021769843995571136, -2.267735481262207, -0.01971592754125595, 2.7060859203338623, 1.2356947660446167, 0.07935291528701782, 0.07935291528701782]
      t=114: [0.25384339690208435, 0.422387957572937, 0.021214403212070465, -2.267638921737671, -0.019719697535037994, 2.706247568130493, 1.2357040643692017, 0.07935291528701782, 0.07935291528701782]
      t=115: [0.2538437247276306, 0.42336151003837585, 0.021056171506643295, -2.2674200534820557, -0.019719069823622704, 2.70642352104187, 1.2357127666473389, 0.07935225963592529, 0.07935225963592529]
      t=116: [0.2538459897041321, 0.4239256978034973, 0.021022304892539978, -2.2672383785247803, -0.019718628376722336, 2.706562042236328, 1.2357207536697388, 0.07935225963592529, 0.07935225963592529]
      t=117: [0.25384506583213806, 0.4241204559803009, 0.021003877744078636, -2.26711368560791, -0.019716497510671616, 2.7066569328308105, 1.2357274293899536, 0.07935225963592529, 0.07935225963592529]
      t=118: [0.25384268164634705, 0.42420950531959534, 0.020990615710616112, -2.266995429992676, -0.019719121977686882, 2.706732749938965, 1.2357338666915894, 0.07935225963592529, 0.07935225963592529]
      t=119: [0.2538455128669739, 0.424318790435791, 0.020979026332497597, -2.266939878463745, -0.019717780873179436, 2.706768035888672, 1.2357423305511475, 0.07935225963592529, 0.07935225963592529]
      t=120: [0.2538456320762634, 0.424520879983902, 0.020978260785341263, -2.2669272422790527, -0.019719280302524567, 2.7067806720733643, 1.2357455492019653, 0.07935225963592529, 0.07935225963592529]
      t=121: [0.253845751285553, 0.42481833696365356, 0.020976966246962547, -2.266918420791626, -0.01971883326768875, 2.706789970397949, 1.235748291015625, 0.07935225963592529, 0.07935225963592529]
      t=122: [0.25384917855262756, 0.425385445356369, 0.020976126194000244, -2.266918182373047, -0.01971558667719364, 2.7068042755126953, 1.2357563972473145, 0.07935225963592529, 0.07935225963592529]
      t=123: [0.25384795665740967, 0.4259079098701477, 0.020972738042473793, -2.266916275024414, -0.019718658179044724, 2.706803560256958, 1.2357635498046875, 0.07935225963592529, 0.07935225963592529]
      t=124: [0.25384795665740967, 0.4263170063495636, 0.020974762737751007, -2.266916275024414, -0.019717594608664513, 2.7068092823028564, 1.2357704639434814, 0.07935225963592529, 0.07935225963592529]
      t=125: [0.2538456320762634, 0.426625519990921, 0.02097509056329727, -2.266916275024414, -0.019718175753951073, 2.7068138122558594, 1.2357754707336426, 0.07935225963592529, 0.07935225963592529]
      t=126: [0.2538445293903351, 0.42691367864608765, 0.02097295969724655, -2.2669153213500977, -0.01972120627760887, 2.7068145275115967, 1.2357743978500366, 0.07935225963592529, 0.07935225963592529]
      t=127: [0.2538467049598694, 0.42716532945632935, 0.02097385935485363, -2.2669122219085693, -0.01971406675875187, 2.7068190574645996, 1.2357851266860962, 0.07935225963592529, 0.07935225963592529]
      t=128: [0.2538454234600067, 0.4273776710033417, 0.020971840247511864, -2.2668957710266113, -0.019718311727046967, 2.706843614578247, 1.235791802406311, 0.07935225963592529, 0.07935225963592529]
      t=129: [0.2538410425186157, 0.42728859186172485, 0.02096838317811489, -2.2667429447174072, -0.01971784606575966, 2.706847906112671, 1.2357854843139648, 0.052475545555353165, 0.052475545555353165]
      t=130: [0.25385090708732605, 0.4274667203426361, 0.020965687930583954, -2.2665598392486572, -0.019715992733836174, 2.706846237182617, 1.2357913255691528, 0.052475545555353165, 0.052475545555353165]
      t=131: [0.2538520395755768, 0.4275226294994354, 0.020968304947018623, -2.266550302505493, -0.01971512660384178, 2.7068488597869873, 1.235795021057129, 0.038574568927288055, 0.038574568927288055]
      t=132: [0.25385090708732605, 0.4275248348712921, 0.020967889577150345, -2.266540288925171, -0.019717957824468613, 2.70684814453125, 1.235796570777893, 0.038574568927288055, 0.038574568927288055]
      t=133: [0.2538522779941559, 0.42752254009246826, 0.020966662093997, -2.266517400741577, -0.019717512652277946, 2.706851005554199, 1.2357951402664185, 0.038574568927288055, 0.038574568927288055]
      t=134: [0.2538556754589081, 0.4275169372558594, 0.020967835560441017, -2.2663075923919678, -0.01971740834414959, 2.7068662643432617, 1.235794186592102, 0.038574568927288055, 0.038574568927288055]
      t=135: [0.25386953353881836, 0.42736390233039856, 0.02096853032708168, -2.2655420303344727, -0.019716087728738785, 2.7073254585266113, 1.2357945442199707, 0.038574568927288055, 0.038574568927288055]
      t=136: [0.25398215651512146, 0.426126629114151, 0.020986096933484077, -2.2643187046051025, -0.01971716806292534, 2.7079975605010986, 1.2357889413833618, 0.03873151168227196, 0.03873151168227196]
      t=137: [0.2542882263660431, 0.42382094264030457, 0.02111150696873665, -2.2630515098571777, -0.0197201706469059, 2.7084453105926514, 1.2357968091964722, 0.03873151168227196, 0.03873151168227196]
      t=138: [0.25453510880470276, 0.42089444398880005, 0.021266160532832146, -2.2616164684295654, -0.01971597783267498, 2.7085983753204346, 1.2357908487319946, 0.03873151168227196, 0.03873151168227196]
      t=139: [0.2545907199382782, 0.4161258339881897, 0.021330200135707855, -2.2601325511932373, -0.019718725234270096, 2.708590507507324, 1.2357990741729736, 0.03873151168227196, 0.03873151168227196]
      t=140: [0.25457537174224854, 0.4115065634250641, 0.021328013390302658, -2.2594778537750244, -0.01971741020679474, 2.7083277702331543, 1.235794186592102, 0.03873151168227196, 0.03873151168227196]
      t=141: [0.2545664608478546, 0.40685704350471497, 0.021328279748558998, -2.259284019470215, -0.019717449322342873, 2.7064359188079834, 1.2357960939407349, 0.038738735020160675, 0.038738735020160675]
      t=142: [0.2545526921749115, 0.40162137150764465, 0.021320657804608345, -2.259291410446167, -0.019718319177627563, 2.7033376693725586, 1.2357988357543945, 0.038738735020160675, 0.038738735020160675]
      t=143: [0.2544328272342682, 0.39476341009140015, 0.021318767219781876, -2.259291172027588, -0.019717849791049957, 2.698812246322632, 1.2357962131500244, 0.038738735020160675, 0.038738735020160675]
      t=144: [0.25416669249534607, 0.38484421372413635, 0.021303467452526093, -2.259286880493164, -0.019714822992682457, 2.691289186477661, 1.2358009815216064, 0.03874333202838898, 0.03874333202838898]
      t=145: [0.25400808453559875, 0.37471625208854675, 0.021302713081240654, -2.2592902183532715, -0.019717348739504814, 2.6814117431640625, 1.235804796218872, 0.03874333202838898, 0.03874333202838898]
      t=146: [0.25387078523635864, 0.3633585274219513, 0.021303027868270874, -2.25929856300354, -0.019716907292604446, 2.6687843799591064, 1.2358015775680542, 0.03874333202838898, 0.03874333202838898]
      t=147: [0.25371861457824707, 0.34830254316329956, 0.021297810599207878, -2.2593131065368652, -0.019716328009963036, 2.65195894241333, 1.235809326171875, 0.038743991404771805, 0.038743991404771805]
      t=148: [0.2535974979400635, 0.3348018527030945, 0.02129221148788929, -2.2593119144439697, -0.01971905678510666, 2.6371679306030273, 1.23580002784729, 0.038743991404771805, 0.038743991404771805]
      t=149: [0.25346747040748596, 0.3204136788845062, 0.021293001249432564, -2.25931715965271, -0.019716674461960793, 2.6212308406829834, 1.235805630683899, 0.038743991404771805, 0.038743991404771805]
      t=150: [0.2531871795654297, 0.3022007346153259, 0.021275993436574936, -2.259308099746704, -0.01971680484712124, 2.6004881858825684, 1.235813021659851, 0.038743991404771805, 0.038743991404771805]
      t=151: [0.2529364824295044, 0.28717315196990967, 0.0209902822971344, -2.2593369483947754, -0.019717277958989143, 2.5830397605895996, 1.2358133792877197, 0.03896003216505051, 0.03896003216505051]
      t=152: [0.25256821513175964, 0.2725335955619812, 0.020809566602110863, -2.2593390941619873, -0.01971619576215744, 2.565274953842163, 1.235813856124878, 0.03896003216505051, 0.03896003216505051]
      t=153: [0.2522334158420563, 0.25604748725891113, 0.020597612485289574, -2.259350538253784, -0.019716447219252586, 2.545159101486206, 1.235817790031433, 0.03896003216505051, 0.03896003216505051]
      t=154: [0.2520226240158081, 0.24207118153572083, 0.020476775243878365, -2.259369134902954, -0.019718177616596222, 2.529113292694092, 1.2358179092407227, 0.03896003216505051, 0.03896003216505051]
      t=155: [0.2518696188926697, 0.22998349368572235, 0.02037014625966549, -2.259359836578369, -0.019714023917913437, 2.5148298740386963, 1.2358227968215942, 0.03896003216505051, 0.03896003216505051]
      t=156: [0.2516308128833771, 0.21609370410442352, 0.02026180550456047, -2.2593746185302734, -0.019717106595635414, 2.4981000423431396, 1.2358254194259644, 0.03914390131831169, 0.03914390131831169]
      t=157: [0.2513721287250519, 0.20605160295963287, 0.020143916830420494, -2.259402275085449, -0.019718505442142487, 2.4851386547088623, 1.2358300685882568, 0.03914390131831169, 0.03914390131831169]
      t=158: [0.2510617971420288, 0.19762791693210602, 0.01994416117668152, -2.2594082355499268, -0.019720133394002914, 2.472856283187866, 1.235831379890442, 0.03914390131831169, 0.03914390131831169]
      t=159: [0.25036969780921936, 0.18731750547885895, 0.019533878192305565, -2.2594211101531982, -0.019715776666998863, 2.4580368995666504, 1.235837459564209, 0.039241086691617966, 0.039241086691617966]
      t=160: [0.24916797876358032, 0.17897459864616394, 0.018881602212786674, -2.259436845779419, -0.01971798576414585, 2.4470932483673096, 1.235841155052185, 0.039241086691617966, 0.039241086691617966]
      t=161: [0.24687893688678741, 0.17063771188259125, 0.018004288896918297, -2.259427309036255, -0.019719548523426056, 2.4378533363342285, 1.2358415126800537, 0.039241086691617966, 0.039241086691617966]
      t=162: [0.24301572144031525, 0.16224850714206696, 0.017243921756744385, -2.2594258785247803, -0.019716154783964157, 2.4298696517944336, 1.2358394861221313, 0.039241086691617966, 0.039241086691617966]
      t=163: [0.23824861645698547, 0.15433946251869202, 0.016228217631578445, -2.259425401687622, -0.01971951313316822, 2.422327995300293, 1.2358289957046509, 0.039241086691617966, 0.039241086691617966]
      t=164: [0.23327280580997467, 0.14784260094165802, 0.0152230029925704, -2.259425401687622, -0.019719744101166725, 2.415921926498413, 1.2357420921325684, 0.039240431040525436, 0.039240431040525436]
      t=165: [0.22653409838676453, 0.14225320518016815, 0.01446930505335331, -2.259441614151001, -0.019716130569577217, 2.409435272216797, 1.2336302995681763, 0.039240431040525436, 0.039240431040525436]
      t=166: [0.22081036865711212, 0.13843116164207458, 0.01357495877891779, -2.2594361305236816, -0.019721733406186104, 2.4045984745025635, 1.22896146774292, 0.039240431040525436, 0.039240431040525436]
      t=167: [0.21382960677146912, 0.13604553043842316, 0.013242985121905804, -2.259438991546631, -0.019725192338228226, 2.4009532928466797, 1.221133828163147, 0.039240431040525436, 0.039240431040525436]
      t=168: [0.205887570977211, 0.13496820628643036, 0.01263398863375187, -2.2594401836395264, -0.019728491082787514, 2.397907257080078, 1.2104841470718384, 0.039241086691617966, 0.039241086691617966]
      t=169: [0.19682401418685913, 0.13474015891551971, 0.011842685751616955, -2.259446859359741, -0.019750095903873444, 2.395838975906372, 1.1975252628326416, 0.039241086691617966, 0.039241086691617966]
      t=170: [0.18522128462791443, 0.1347203552722931, 0.01113838329911232, -2.2594518661499023, -0.01977715827524662, 2.3939638137817383, 1.1798579692840576, 0.039241086691617966, 0.039241086691617966]
      t=171: [0.17253045737743378, 0.1347050666809082, 0.010324623435735703, -2.2594497203826904, -0.02001340501010418, 2.392251491546631, 1.1597861051559448, 0.039241086691617966, 0.039241086691617966]
      t=172: [0.16173015534877777, 0.13470081984996796, 0.009477691724896431, -2.259451389312744, -0.02012702263891697, 2.3910622596740723, 1.1429136991500854, 0.039241742342710495, 0.039241742342710495]
      t=173: [0.14823825657367706, 0.13470080494880676, 0.00877673365175724, -2.25946307182312, -0.020232543349266052, 2.3898353576660156, 1.1231797933578491, 0.039241742342710495, 0.039241742342710495]
      t=174: [0.13536544144153595, 0.1346980482339859, 0.00794803723692894, -2.2595157623291016, -0.020334158092737198, 2.3888461589813232, 1.1038086414337158, 0.039241742342710495, 0.039241742342710495]
      t=175: [0.12289340049028397, 0.1347014158964157, 0.00746618676930666, -2.25986385345459, -0.02043113484978676, 2.388033628463745, 1.083860158920288, 0.039241742342710495, 0.039241742342710495]
      t=176: [0.11032316833734512, 0.1346987932920456, 0.006868262775242329, -2.2605597972869873, -0.020521722733974457, 2.38720440864563, 1.0633562803268433, 0.03923977166414261, 0.03923977166414261]
      t=177: [0.09484416991472244, 0.13470163941383362, 0.00639435276389122, -2.2617008686065674, -0.02060624584555626, 2.386415481567383, 1.0396102666854858, 0.03923977166414261, 0.03923977166414261]
      t=178: [0.08155559003353119, 0.13470475375652313, 0.005710222292691469, -2.26265811920166, -0.020667919889092445, 2.385895252227783, 1.0189762115478516, 0.03923977166414261, 0.03923977166414261]
      t=179: [0.06855036318302155, 0.13470345735549927, 0.005213165655732155, -2.263418674468994, -0.020724480971693993, 2.3855552673339844, 0.9981718063354492, 0.039241086691617966, 0.039241086691617966]
      t=180: [0.05615290254354477, 0.1346980482339859, 0.004712457302957773, -2.2638437747955322, -0.020756196230649948, 2.3853538036346436, 0.9777439832687378, 0.039241086691617966, 0.039241086691617966]
      t=181: [0.04447199031710625, 0.1347000151872635, 0.00452451640740037, -2.263993740081787, -0.020779673010110855, 2.385249137878418, 0.9585539698600769, 0.039241086691617966, 0.039241086691617966]
      t=182: [0.02995213121175766, 0.13469475507736206, 0.004260825924575329, -2.264033079147339, -0.020804785192012787, 2.3851475715637207, 0.93489670753479, 0.039241086691617966, 0.039241086691617966]
      t=183: [0.019987722858786583, 0.13469508290290833, 0.0041945213451981544, -2.2640492916107178, -0.020823542028665543, 2.385089159011841, 0.9179677367210388, 0.03923977166414261, 0.03923977166414261]
      t=184: [0.0049561262130737305, 0.13468363881111145, 0.003978438675403595, -2.264059066772461, -0.02084512636065483, 2.385035991668701, 0.8928492069244385, 0.03923977166414261, 0.03923977166414261]
      t=185: [-0.006599737331271172, 0.13468360900878906, 0.0038527129217982292, -2.2640721797943115, -0.020854804664850235, 2.3849995136260986, 0.8742174506187439, 0.03923977166414261, 0.03923977166414261]
      t=186: [-0.0206484105437994, 0.13467289507389069, 0.0034207322169095278, -2.264220714569092, -0.020865213125944138, 2.3849143981933594, 0.853056013584137, 0.03923977166414261, 0.03923977166414261]
      t=187: [-0.032516349107027054, 0.13467559218406677, 0.003160143969580531, -2.264786720275879, -0.020865386351943016, 2.3847525119781494, 0.8370876908302307, 0.03923977166414261, 0.03923977166414261]
      t=188: [-0.04487801715731621, 0.1346731334924698, 0.002650935435667634, -2.2658491134643555, -0.02086600661277771, 2.3846280574798584, 0.8211700916290283, 0.03923977166414261, 0.03923977166414261]
      t=189: [-0.0599280446767807, 0.1346851885318756, 0.0023699800949543715, -2.2675087451934814, -0.02087518200278282, 2.3844552040100098, 0.8016662001609802, 0.03923977166414261, 0.03923977166414261]
      t=190: [-0.07112225890159607, 0.13468670845031738, 0.002075666794553399, -2.2687788009643555, -0.020874902606010437, 2.3843157291412354, 0.7866360545158386, 0.03923977166414261, 0.03923977166414261]
      t=191: [-0.08289976418018341, 0.13468092679977417, 0.0020482614636421204, -2.2703137397766113, -0.02087566629052162, 2.3841426372528076, 0.771230936050415, 0.039240431040525436, 0.039240431040525436]
      t=192: [-0.09368845075368881, 0.134682759642601, 0.0019773514941334724, -2.2722599506378174, -0.020873907953500748, 2.384023666381836, 0.7591198682785034, 0.039240431040525436, 0.039240431040525436]
      t=193: [-0.10408840328454971, 0.13468319177627563, 0.0019629457965493202, -2.2746903896331787, -0.020874010398983955, 2.383913278579712, 0.7490729093551636, 0.039240431040525436, 0.039240431040525436]
      t=194: [-0.11580140143632889, 0.13467970490455627, 0.0019422105979174376, -2.2783782482147217, -0.020871076732873917, 2.3838467597961426, 0.7403390407562256, 0.039240431040525436, 0.039240431040525436]
      t=195: [-0.1248244047164917, 0.13470861315727234, 0.0019189284648746252, -2.281557559967041, -0.020868944004178047, 2.3837826251983643, 0.7345326542854309, 0.039240431040525436, 0.039240431040525436]
      t=196: [-0.13352259993553162, 0.1347031444311142, 0.001917150686495006, -2.2846193313598633, -0.020871400833129883, 2.3836402893066406, 0.7295853495597839, 0.039240431040525436, 0.039240431040525436]
      t=197: [-0.1414198875427246, 0.13470502197742462, 0.0019151335582137108, -2.2877798080444336, -0.02087128348648548, 2.383535861968994, 0.7255676984786987, 0.039240431040525436, 0.039240431040525436]
      t=198: [-0.14882586896419525, 0.13469626009464264, 0.0019199543166905642, -2.291048526763916, -0.02087227813899517, 2.3835089206695557, 0.7215586304664612, 0.039240431040525436, 0.039240431040525436]
      t=199: [-0.1562499850988388, 0.13470333814620972, 0.0019230713369324803, -2.294452667236328, -0.020870426669716835, 2.383500099182129, 0.7169560790061951, 0.03923977166414261, 0.03923977166414261]
      t=200: [-0.16206197440624237, 0.13470326364040375, 0.0019262670539319515, -2.2968568801879883, -0.020872656255960464, 2.3835012912750244, 0.7130023837089539, 0.03923977166414261, 0.03923977166414261]
      t=201: [-0.16871218383312225, 0.13469970226287842, 0.001926545286551118, -2.2993242740631104, -0.020871955901384354, 2.3835017681121826, 0.7082087397575378, 0.03923977166414261, 0.03923977166414261]
      t=202: [-0.17439429461956024, 0.13469745218753815, 0.0019337377743795514, -2.3012447357177734, -0.020871499553322792, 2.383502721786499, 0.7034560441970825, 0.03923977166414261, 0.03923977166414261]
      t=203: [-0.18116720020771027, 0.13469474017620087, 0.0019336446421220899, -2.3032376766204834, -0.020874137058854103, 2.383500814437866, 0.6973794102668762, 0.03923977166414261, 0.03923977166414261]
      t=204: [-0.18712414801120758, 0.13469529151916504, 0.0019354409305378795, -2.3049745559692383, -0.02086954191327095, 2.3835017681121826, 0.6911983489990234, 0.03923977166414261, 0.03923977166414261]
      t=205: [-0.19386602938175201, 0.1347578763961792, 0.0019216013606637716, -2.30662202835083, -0.020869426429271698, 2.38350510597229, 0.6848164200782776, 0.03923977166414261, 0.03923977166414261]
      t=206: [-0.20038963854312897, 0.13485637307167053, 0.001919938251376152, -2.308256149291992, -0.020875517278909683, 2.3835158348083496, 0.6783597469329834, 0.039241742342710495, 0.039241742342710495]
      t=207: [-0.20666231215000153, 0.1351977437734604, 0.0019067110260948539, -2.3099474906921387, -0.020868083462119102, 2.3835415840148926, 0.6715516448020935, 0.039241742342710495, 0.039241742342710495]
      t=208: [-0.21274171769618988, 0.13575910031795502, 0.001886304933577776, -2.311992645263672, -0.02087094448506832, 2.384039878845215, 0.6648862957954407, 0.039241742342710495, 0.039241742342710495]
      t=209: [-0.2184496968984604, 0.13673391938209534, 0.0018698811763897538, -2.3135592937469482, -0.020870447158813477, 2.38486385345459, 0.6585710644721985, 0.03923977166414261, 0.03923977166414261]
      t=210: [-0.22434625029563904, 0.1386038064956665, 0.0015201170463114977, -2.3151538372039795, -0.020872557535767555, 2.386878490447998, 0.6515557765960693, 0.03923977166414261, 0.03923977166414261]
      t=211: [-0.22920839488506317, 0.140869602560997, 0.0014246231876313686, -2.316206932067871, -0.020870482549071312, 2.3899545669555664, 0.6470409035682678, 0.03923977166414261, 0.03923977166414261]
      t=212: [-0.23309357464313507, 0.144169420003891, 0.0010688870679587126, -2.316960334777832, -0.020872771739959717, 2.3945159912109375, 0.6432521939277649, 0.039240431040525436, 0.039240431040525436]
      t=213: [-0.23586705327033997, 0.14915242791175842, 0.0006764178397133946, -2.3172640800476074, -0.020868638530373573, 2.400515079498291, 0.6400473713874817, 0.039240431040525436, 0.039240431040525436]
      t=214: [-0.23826512694358826, 0.15577568113803864, 0.0005453501362353563, -2.3175179958343506, -0.020868636667728424, 2.408904552459717, 0.6367244720458984, 0.039240431040525436, 0.039240431040525436]
      t=215: [-0.240614116191864, 0.1627306193113327, 0.0005499067483469844, -2.317636728286743, -0.02086956985294819, 2.419610023498535, 0.6338264346122742, 0.039240431040525436, 0.039240431040525436]
      t=216: [-0.24308307468891144, 0.17066888511180878, 0.0005354314926080406, -2.3176510334014893, -0.02087322436273098, 2.433173179626465, 0.6312292814254761, 0.03924305737018585, 0.03924305737018585]
      t=217: [-0.2451453059911728, 0.17821909487247467, 0.0005144005990587175, -2.317656993865967, -0.0208700280636549, 2.446882486343384, 0.6292114853858948, 0.03924305737018585, 0.03924305737018585]
      t=218: [-0.2467035949230194, 0.1847878098487854, 0.0004691758076660335, -2.317660331726074, -0.02086980640888214, 2.459408760070801, 0.6278302073478699, 0.03924305737018585, 0.03924305737018585]
      t=219: [-0.24802517890930176, 0.19137750566005707, 0.0004177503287792206, -2.3176708221435547, -0.020868517458438873, 2.471771240234375, 0.6265333294868469, 0.03924305737018585, 0.03924305737018585]
      t=220: [-0.24953177571296692, 0.198861226439476, 0.0003904706973116845, -2.3176639080047607, -0.020867522805929184, 2.4861061573028564, 0.6243340969085693, 0.03923977166414261, 0.03923977166414261]
      t=221: [-0.2506147623062134, 0.20427937805652618, 0.0003817874821834266, -2.3176894187927246, -0.020869610831141472, 2.495849370956421, 0.6220859885215759, 0.03923977166414261, 0.03923977166414261]
      t=222: [-0.2519433796405792, 0.20972424745559692, 0.0003805595333687961, -2.317732095718384, -0.020869171246886253, 2.5049843788146973, 0.6194050908088684, 0.03923977166414261, 0.03923977166414261]
      t=223: [-0.2542325258255005, 0.21549232304096222, 0.00037847241037525237, -2.317861795425415, -0.020870236679911613, 2.5146329402923584, 0.6165164113044739, 0.03923977166414261, 0.03923977166414261]
      t=224: [-0.25640949606895447, 0.21924717724323273, 0.0003720255917869508, -2.317924976348877, -0.0208694189786911, 2.520606517791748, 0.61454176902771, 0.039241086691617966, 0.039241086691617966]
      t=225: [-0.2592813968658447, 0.22350262105464935, 0.00027629718533717096, -2.3179566860198975, -0.020867466926574707, 2.527327537536621, 0.6117637157440186, 0.039241086691617966, 0.039241086691617966]
      t=226: [-0.26178014278411865, 0.22816792130470276, 0.00010009721154347062, -2.3180088996887207, -0.020869078114628792, 2.5342819690704346, 0.6066736578941345, 0.039241086691617966, 0.039241086691617966]
      t=227: [-0.26399996876716614, 0.23227447271347046, 8.080657426035032e-05, -2.3182497024536133, -0.020870588719844818, 2.5400989055633545, 0.6010521650314331, 0.039240431040525436, 0.039240431040525436]
      t=228: [-0.2664659917354584, 0.2359432429075241, 8.03994553280063e-05, -2.318444013595581, -0.02086729183793068, 2.5454912185668945, 0.5944021940231323, 0.039240431040525436, 0.039240431040525436]
      t=229: [-0.2687057554721832, 0.23943401873111725, 6.87738720444031e-05, -2.318533420562744, -0.02087048627436161, 2.5501818656921387, 0.588414192199707, 0.039240431040525436, 0.039240431040525436]
      t=230: [-0.2705206871032715, 0.24330352246761322, 6.370389746734872e-05, -2.318671226501465, -0.02087186649441719, 2.5541248321533203, 0.5829336643218994, 0.03923911601305008, 0.03923911601305008]
      t=231: [-0.2712942659854889, 0.24628156423568726, 6.353969365591183e-05, -2.319019079208374, -0.020870322361588478, 2.5564017295837402, 0.5788632035255432, 0.03923911601305008, 0.03923911601305008]
      t=232: [-0.2713916301727295, 0.2495180070400238, 8.670622628415003e-05, -2.319733142852783, -0.020869063213467598, 2.5585825443267822, 0.5749017000198364, 0.03923911601305008, 0.03923911601305008]
      t=233: [-0.27138498425483704, 0.25223666429519653, 0.0001731249940348789, -2.3207876682281494, -0.020870590582489967, 2.559986114501953, 0.5725592374801636, 0.03923911601305008, 0.03923911601305008]
      t=234: [-0.2713737189769745, 0.2547520399093628, 0.0006489625084213912, -2.3227336406707764, -0.020865747705101967, 2.561389446258545, 0.5706611275672913, 0.03924305737018585, 0.03924305737018585]
      t=235: [-0.2713128626346588, 0.2563476264476776, 0.0016743806190788746, -2.3260300159454346, -0.020868506282567978, 2.5632171630859375, 0.5690807104110718, 0.03924305737018585, 0.03924305737018585]
      t=236: [-0.2711239457130432, 0.2568822503089905, 0.0033459786791354418, -2.3302433490753174, -0.020870042964816093, 2.5660524368286133, 0.5679647326469421, 0.03924305737018585, 0.03924305737018585]
      t=237: [-0.2707774341106415, 0.2573226988315582, 0.0058514722622931, -2.3351798057556152, -0.020867276936769485, 2.5707685947418213, 0.566973865032196, 0.03924305737018585, 0.03924305737018585]
      t=238: [-0.2706030011177063, 0.2575986981391907, 0.008343934081494808, -2.3393306732177734, -0.020869826897978783, 2.5756006240844727, 0.5665744543075562, 0.039240431040525436, 0.039240431040525436]
      t=239: [-0.270358145236969, 0.25773850083351135, 0.011345138773322105, -2.344588041305542, -0.020870117470622063, 2.5815680027008057, 0.5664510726928711, 0.039240431040525436, 0.039240431040525436]
      t=240: [-0.269816517829895, 0.2580731213092804, 0.013925278559327126, -2.3496341705322266, -0.020867981016635895, 2.5880041122436523, 0.56644606590271, 0.039240431040525436, 0.039240431040525436]
      t=241: [-0.2693593502044678, 0.25841543078422546, 0.01623331755399704, -2.3537235260009766, -0.02086537890136242, 2.594832420349121, 0.566445529460907, 0.039240431040525436, 0.039240431040525436]
      t=242: [-0.2691631317138672, 0.25863194465637207, 0.018895355984568596, -2.3573105335235596, -0.020848121494054794, 2.6016862392425537, 0.5664505362510681, 0.039240431040525436, 0.039240431040525436]
      t=243: [-0.26909542083740234, 0.25892308354377747, 0.020983783528208733, -2.359046220779419, -0.02083893120288849, 2.606226682662964, 0.5664514303207397, 0.039240431040525436, 0.039240431040525436]
      t=244: [-0.26901814341545105, 0.25939878821372986, 0.022530628368258476, -2.3598389625549316, -0.020834052935242653, 2.6100528240203857, 0.566455602645874, 0.039240431040525436, 0.039240431040525436]
      t=245: [-0.26900944113731384, 0.2599368095397949, 0.023660892620682716, -2.3603222370147705, -0.020830323919653893, 2.613889217376709, 0.5664568543434143, 0.039240431040525436, 0.039240431040525436]
      t=246: [-0.2690090537071228, 0.2605302035808563, 0.024485159665346146, -2.3606886863708496, -0.020826948806643486, 2.618178606033325, 0.5664653182029724, 0.039240431040525436, 0.039240431040525436]
      t=247: [-0.2690128982067108, 0.26123812794685364, 0.024764778092503548, -2.360914945602417, -0.02082495391368866, 2.6213066577911377, 0.5664768218994141, 0.039240431040525436, 0.039240431040525436]
      t=248: [-0.26901742815971375, 0.26239946484565735, 0.024823158979415894, -2.3612284660339355, -0.020824909210205078, 2.62445068359375, 0.5664807558059692, 0.03924305737018585, 0.03924305737018585]
      t=249: [-0.26901841163635254, 0.2644922435283661, 0.024836769327521324, -2.361687660217285, -0.02082132361829281, 2.627960443496704, 0.5664889812469482, 0.03924305737018585, 0.03924305737018585]
      t=250: [-0.26902157068252563, 0.26693829894065857, 0.024851955473423004, -2.3619203567504883, -0.020823493599891663, 2.630645513534546, 0.5664917826652527, 0.03924305737018585, 0.03924305737018585]
      t=251: [-0.2690247595310211, 0.2697541415691376, 0.02486039698123932, -2.3621742725372314, -0.020823268219828606, 2.6332764625549316, 0.5664923787117004, 0.03924305737018585, 0.03924305737018585]
      t=252: [-0.26901742815971375, 0.2722066640853882, 0.024869956076145172, -2.3623645305633545, -0.020823519676923752, 2.6357085704803467, 0.5664917826652527, 0.039240431040525436, 0.039240431040525436]
      t=253: [-0.26901939511299133, 0.2743050456047058, 0.024877330288290977, -2.36244535446167, -0.02081921696662903, 2.6378021240234375, 0.5664975047111511, 0.039240431040525436, 0.039240431040525436]
      t=254: [-0.2690200209617615, 0.2765726149082184, 0.024877112358808517, -2.3624744415283203, -0.020820623263716698, 2.6399526596069336, 0.5664947032928467, 0.039240431040525436, 0.039240431040525436]
      t=255: [-0.2690203785896301, 0.2786523401737213, 0.024899469688534737, -2.362476348876953, -0.020825795829296112, 2.641841411590576, 0.5664991140365601, 0.039240431040525436, 0.039240431040525436]
      t=256: [-0.269022136926651, 0.28029105067253113, 0.024953998625278473, -2.3624796867370605, -0.020821811631321907, 2.643418550491333, 0.5664957761764526, 0.039240431040525436, 0.039240431040525436]
      t=257: [-0.2690122723579407, 0.2811882793903351, 0.025197958573698997, -2.362480640411377, -0.020822854712605476, 2.644622802734375, 0.5664896368980408, 0.03923977166414261, 0.03923977166414261]
      t=258: [-0.2689409554004669, 0.28146636486053467, 0.025615237653255463, -2.3624818325042725, -0.020821483805775642, 2.645510673522949, 0.5664991140365601, 0.03923977166414261, 0.03923977166414261]
      t=259: [-0.26865342259407043, 0.28148430585861206, 0.026014454662799835, -2.3624813556671143, -0.020823007449507713, 2.6460742950439453, 0.5664991140365601, 0.03923977166414261, 0.03923977166414261]
      t=260: [-0.2678092420101166, 0.2815021276473999, 0.02661869488656521, -2.3624825477600098, -0.020821422338485718, 2.646570920944214, 0.5664965510368347, 0.03923977166414261, 0.03923977166414261]
      t=261: [-0.26702505350112915, 0.28151845932006836, 0.027153918519616127, -2.362480878829956, -0.02082301303744316, 2.646843194961548, 0.5665028691291809, 0.03923977166414261, 0.03923977166414261]
      t=262: [-0.2662251889705658, 0.2815420925617218, 0.027771685272455215, -2.362487554550171, -0.020822877064347267, 2.6470694541931152, 0.5665032267570496, 0.039241086691617966, 0.039241086691617966]
      t=263: [-0.2657640278339386, 0.28155356645584106, 0.028074465692043304, -2.362495183944702, -0.02082265168428421, 2.6472647190093994, 0.566501259803772, 0.039241086691617966, 0.039241086691617966]
      t=264: [-0.2655318081378937, 0.2815663814544678, 0.028224676847457886, -2.3624932765960693, -0.02081923745572567, 2.6474084854125977, 0.5664965510368347, 0.039241086691617966, 0.039241086691617966]
      t=265: [-0.26549166440963745, 0.28158023953437805, 0.028272857889533043, -2.362497568130493, -0.020820623263716698, 2.6475682258605957, 0.5664972066879272, 0.039241086691617966, 0.039241086691617966]
      t=266: [-0.26548531651496887, 0.281587690114975, 0.02828773483633995, -2.3624985218048096, -0.020823413506150246, 2.6476995944976807, 0.5664975643157959, 0.039241086691617966, 0.039241086691617966]
      t=267: [-0.2654818296432495, 0.28159645199775696, 0.028293099254369736, -2.362504720687866, -0.020820340141654015, 2.6478474140167236, 0.5664952993392944, 0.039241086691617966, 0.039241086691617966]
      t=268: [-0.2654796540737152, 0.2816046178340912, 0.02829541265964508, -2.3625054359436035, -0.02082141488790512, 2.647958517074585, 0.5664960145950317, 0.039241086691617966, 0.039241086691617966]
      t=269: [-0.2654830813407898, 0.2816055715084076, 0.02829734981060028, -2.362501621246338, -0.020819654688239098, 2.6480674743652344, 0.5664956569671631, 0.039241086691617966, 0.039241086691617966]
      t=270: [-0.265485554933548, 0.2816055417060852, 0.028297921642661095, -2.362504243850708, -0.0208189208060503, 2.648254871368408, 0.5664976239204407, 0.039225984364748, 0.039225984364748]
      t=271: [-0.2654881179332733, 0.2816044092178345, 0.02829883061349392, -2.3625028133392334, -0.020818226039409637, 2.6483399868011475, 0.5664974451065063, 0.039225984364748, 0.039225984364748]
      t=272: [-0.26548901200294495, 0.2816086709499359, 0.028298337012529373, -2.3625049591064453, -0.02082335203886032, 2.648397922515869, 0.5664991736412048, 0.053193941712379456, 0.053193941712379456]
      t=273: [-0.2654879093170166, 0.2816106081008911, 0.0282968208193779, -2.3625051975250244, -0.02081822045147419, 2.6484501361846924, 0.5665000677108765, 0.053193941712379456, 0.053193941712379456]
      t=274: [-0.26549020409584045, 0.2816074788570404, 0.02829587273299694, -2.3625073432922363, -0.020818235352635384, 2.648479700088501, 0.5665019750595093, 0.053193941712379456, 0.053193941712379456]
      t=275: [-0.2654879093170166, 0.2816115617752075, 0.028299560770392418, -2.3625028133392334, -0.020816458389163017, 2.6485097408294678, 0.5665032267570496, 0.07293596863746643, 0.07293596863746643]
      t=276: [-0.26549020409584045, 0.28160902857780457, 0.028297023847699165, -2.362501382827759, -0.020815560594201088, 2.6485490798950195, 0.5665052533149719, 0.07293596863746643, 0.07293596863746643]
      t=277: [-0.2654920220375061, 0.2815725803375244, 0.028294643387198448, -2.362497568130493, -0.02081826515495777, 2.649017333984375, 0.5665247440338135, 0.07293596863746643, 0.07293596863746643]
      t=278: [-0.2654910385608673, 0.2811797261238098, 0.028296392410993576, -2.3624730110168457, -0.020819658413529396, 2.6497445106506348, 0.566760241985321, 0.07293596863746643, 0.07293596863746643]
      t=279: [-0.26549553871154785, 0.27925705909729004, 0.028294026851654053, -2.3623368740081787, -0.020817067474126816, 2.650479793548584, 0.5679115056991577, 0.0783153772354126, 0.0783153772354126]
      t=280: [-0.26549553871154785, 0.2734433710575104, 0.0282974224537611, -2.362241744995117, -0.020816534757614136, 2.6507210731506348, 0.5711650252342224, 0.0783153772354126, 0.0783153772354126]
      t=281: [-0.26548948884010315, 0.2651761770248413, 0.02829868532717228, -2.3622493743896484, -0.020812302827835083, 2.6506547927856445, 0.5749284029006958, 0.0783153772354126, 0.0783153772354126]
      t=282: [-0.26537787914276123, 0.25395482778549194, 0.02830454148352146, -2.362297296524048, -0.02080545388162136, 2.6489436626434326, 0.5795711278915405, 0.0783153772354126, 0.0783153772354126]
      t=283: [-0.2646195888519287, 0.24066653847694397, 0.028338899835944176, -2.3629848957061768, -0.02080385759472847, 2.643954277038574, 0.5843424797058105, 0.07919728010892868, 0.07919728010892868]
      t=284: [-0.26297518610954285, 0.2255638688802719, 0.0285089872777462, -2.3645730018615723, -0.020807970315217972, 2.6348822116851807, 0.5890605449676514, 0.07919728010892868, 0.07919728010892868]
      t=285: [-0.26030921936035156, 0.20704013109207153, 0.028845008462667465, -2.3667850494384766, -0.020803747698664665, 2.6199309825897217, 0.594248354434967, 0.07932336628437042, 0.07932336628437042]
      t=286: [-0.25657522678375244, 0.18319058418273926, 0.029512403532862663, -2.3694491386413574, -0.020801996812224388, 2.598067283630371, 0.6015658974647522, 0.07932336628437042, 0.07932336628437042]
      t=287: [-0.2535482347011566, 0.16031289100646973, 0.030378928408026695, -2.3710644245147705, -0.02079896815121174, 2.5756986141204834, 0.6086335182189941, 0.07932336628437042, 0.07932336628437042]
      t=288: [-0.25003957748413086, 0.13701777160167694, 0.03076370619237423, -2.371992826461792, -0.020798351615667343, 2.5519840717315674, 0.6153112053871155, 0.07932336628437042, 0.07932336628437042]
      t=289: [-0.24569976329803467, 0.11179304867982864, 0.030907247215509415, -2.3725945949554443, -0.020799264311790466, 2.526240348815918, 0.6232011318206787, 0.07934306561946869, 0.07934306561946869]
      t=290: [-0.2413388043642044, 0.08669256418943405, 0.03139067068696022, -2.3731348514556885, -0.02079385705292225, 2.4995617866516113, 0.6310655474662781, 0.07934306561946869, 0.07934306561946869]
      t=291: [-0.23676197230815887, 0.06196959689259529, 0.03190196305513382, -2.3738181591033936, -0.020792698487639427, 2.472672939300537, 0.6382730603218079, 0.07934306561946869, 0.07934306561946869]
      t=292: [-0.23106758296489716, 0.036548200994729996, 0.03220416232943535, -2.374641180038452, -0.020791156217455864, 2.444445848464966, 0.6459612250328064, 0.07934306561946869, 0.07934306561946869]

  [observations/full_joint_pos]
    shape=(293, 9), dtype=float32
    min=-2.834591, max=2.708598, mean=0.143026, std=1.208932
    head(293)=
      t=0: [0.0022860970348119736, -0.7767755389213562, 0.00964336283504963, -2.832275390625, -0.019730353727936745, 2.0346431732177734, 0.8750870227813721, 0.07935291528701782, 0.07935291528701782]
      t=1: [0.0022871410474181175, -0.7767755389213562, 0.009646251797676086, -2.832275152206421, -0.019734583795070648, 2.034644603729248, 0.8750878572463989, 0.07935291528701782, 0.07935291528701782]
      t=2: [0.0022816620767116547, -0.7767755389213562, 0.00964911375194788, -2.8322761058807373, -0.01973249576985836, 2.03464412689209, 0.8750928640365601, 0.07935291528701782, 0.07935291528701782]
      t=3: [0.0022828003857284784, -0.7767766118049622, 0.00964885763823986, -2.8322784900665283, -0.019733916968107224, 2.034644842147827, 0.8750979900360107, 0.07935291528701782, 0.07935291528701782]
      t=4: [0.0022807493805885315, -0.7767778635025024, 0.009653947316110134, -2.8322720527648926, -0.0197288878262043, 2.0346438884735107, 0.8750975728034973, 0.07935225963592529, 0.07935225963592529]
      t=5: [0.0022804848849773407, -0.7767733931541443, 0.009652959182858467, -2.832273006439209, -0.01973014324903488, 2.0346455574035645, 0.8751042485237122, 0.07935225963592529, 0.07935225963592529]
      t=6: [0.002278150524944067, -0.7767209410667419, 0.009655187837779522, -2.8322787284851074, -0.019733667373657227, 2.0346672534942627, 0.8751041293144226, 0.07935225963592529, 0.07935225963592529]
      t=7: [0.002281653229147196, -0.7759790420532227, 0.009677368216216564, -2.8323888778686523, -0.019730933010578156, 2.0354573726654053, 0.875106930732727, 0.07935225963592529, 0.07935225963592529]
      t=8: [0.002282574772834778, -0.7738474607467651, 0.009742436930537224, -2.8327999114990234, -0.01973128318786621, 2.037393808364868, 0.875105619430542, 0.07935225963592529, 0.07935225963592529]
      t=9: [0.00229436531662941, -0.7695607542991638, 0.01004494447261095, -2.833275556564331, -0.019731268286705017, 2.041015148162842, 0.875104546546936, 0.07935225963592529, 0.07935225963592529]
      t=10: [0.0023052776232361794, -0.7615575790405273, 0.010458593256771564, -2.833789110183716, -0.01973024383187294, 2.047593832015991, 0.8751031756401062, 0.07935225963592529, 0.07935225963592529]
      t=11: [0.002319656778126955, -0.7537376284599304, 0.01089845597743988, -2.8340744972229004, -0.019731229171156883, 2.053889513015747, 0.875101625919342, 0.07935225963592529, 0.07935225963592529]
      t=12: [0.002336059231311083, -0.7433187961578369, 0.011486027389764786, -2.8342981338500977, -0.019731301814317703, 2.063002347946167, 0.8750990629196167, 0.07935225963592529, 0.07935225963592529]
      t=13: [0.0023777508176863194, -0.7334724068641663, 0.011998803354799747, -2.8344624042510986, -0.019735444337129593, 2.07169508934021, 0.8750998973846436, 0.07935291528701782, 0.07935291528701782]
      t=14: [0.002811594633385539, -0.7205775380134583, 0.012451902031898499, -2.8345534801483154, -0.019728943705558777, 2.0838236808776855, 0.8750957250595093, 0.07935291528701782, 0.07935291528701782]
      t=15: [0.00350953615270555, -0.709958016872406, 0.01285515446215868, -2.8345751762390137, -0.01973174326121807, 2.0942745208740234, 0.8750987648963928, 0.07935291528701782, 0.07935291528701782]
      t=16: [0.004978924989700317, -0.6964251399040222, 0.013557453639805317, -2.8345911502838135, -0.019728977233171463, 2.1083734035491943, 0.8750931620597839, 0.07935291528701782, 0.07935291528701782]
      t=17: [0.006536436267197132, -0.6857123374938965, 0.014310385100543499, -2.8345892429351807, -0.019732551649212837, 2.1204535961151123, 0.8750954270362854, 0.07935291528701782, 0.07935291528701782]
      t=18: [0.008736011572182178, -0.6735209226608276, 0.015213163569569588, -2.834580421447754, -0.019730236381292343, 2.134127378463745, 0.8750930428504944, 0.07935291528701782, 0.07935291528701782]
      t=19: [0.012138173915445805, -0.6604933142662048, 0.01606062799692154, -2.83457350730896, -0.019728682935237885, 2.14962100982666, 0.875091552734375, 0.07935291528701782, 0.07935291528701782]
      t=20: [0.016232751309871674, -0.6467469334602356, 0.016590066254138947, -2.8345770835876465, -0.019732389599084854, 2.1656720638275146, 0.875090479850769, 0.07935291528701782, 0.07935291528701782]
      t=21: [0.01923440769314766, -0.6346806883811951, 0.017109474167227745, -2.8345837593078613, -0.01973188854753971, 2.180086612701416, 0.8750932216644287, 0.07935291528701782, 0.07935291528701782]
      t=22: [0.022160369902849197, -0.6195908188819885, 0.01765677146613598, -2.834563970565796, -0.01973154954612255, 2.1979286670684814, 0.8750908374786377, 0.07935225963592529, 0.07935225963592529]
      t=23: [0.025348395109176636, -0.6059431433677673, 0.01797465793788433, -2.8345582485198975, -0.019729768857359886, 2.214254140853882, 0.8750950694084167, 0.07935225963592529, 0.07935225963592529]
      t=24: [0.029223691672086716, -0.5921624302864075, 0.018248409032821655, -2.834556818008423, -0.01972994953393936, 2.231020450592041, 0.8750993609428406, 0.07935225963592529, 0.07935225963592529]
      t=25: [0.03267636150121689, -0.578084409236908, 0.018760496750473976, -2.834538698196411, -0.01973005197942257, 2.248114585876465, 0.8751004338264465, 0.07935225963592529, 0.07935225963592529]
      t=26: [0.0357900932431221, -0.5624968409538269, 0.019343271851539612, -2.8345301151275635, -0.019731150940060616, 2.266909122467041, 0.8751060366630554, 0.07935225963592529, 0.07935225963592529]
      t=27: [0.03904196619987488, -0.549247145652771, 0.019640017300844193, -2.834524393081665, -0.019729359075427055, 2.2831547260284424, 0.875343382358551, 0.07935225963592529, 0.07935225963592529]
      t=28: [0.04367931932210922, -0.5333653688430786, 0.019910674542188644, -2.834505558013916, -0.019727615639567375, 2.302720308303833, 0.8767848610877991, 0.07935225963592529, 0.07935225963592529]
      t=29: [0.047329388558864594, -0.5199427604675293, 0.020239198580384254, -2.834493637084961, -0.019725780934095383, 2.318892240524292, 0.8795110583305359, 0.07935225963592529, 0.07935225963592529]
      t=30: [0.0524359866976738, -0.5042098164558411, 0.020519137382507324, -2.8344786167144775, -0.019724758341908455, 2.337801456451416, 0.8835849165916443, 0.07935225963592529, 0.07935225963592529]
      t=31: [0.05769658088684082, -0.4908738434314728, 0.020771395415067673, -2.834465265274048, -0.019727716222405434, 2.3535866737365723, 0.8879854083061218, 0.07935225963592529, 0.07935225963592529]
      t=32: [0.06279787421226501, -0.47745436429977417, 0.021416695788502693, -2.834240436553955, -0.019728180021047592, 2.3695473670959473, 0.8942432999610901, 0.07935225963592529, 0.07935225963592529]
      t=33: [0.069703608751297, -0.46293219923973083, 0.021695803850889206, -2.8338115215301514, -0.019726241007447243, 2.3867831230163574, 0.9041610360145569, 0.07935225963592529, 0.07935225963592529]
      t=34: [0.0768718346953392, -0.44883424043655396, 0.022222597151994705, -2.8322598934173584, -0.019724704325199127, 2.402588129043579, 0.9162594079971313, 0.07935225963592529, 0.07935225963592529]
      t=35: [0.0843520537018776, -0.4364571273326874, 0.022576218470931053, -2.829989194869995, -0.019725371152162552, 2.4149959087371826, 0.9288927316665649, 0.07935225963592529, 0.07935225963592529]
      t=36: [0.09299194812774658, -0.4230245351791382, 0.023254752159118652, -2.826751470565796, -0.019717149436473846, 2.42795991897583, 0.9449790716171265, 0.07935225963592529, 0.07935225963592529]
      t=37: [0.1024632453918457, -0.40966445207595825, 0.02398528717458248, -2.822111129760742, -0.01972019672393799, 2.438582420349121, 0.9616040587425232, 0.07935225963592529, 0.07935225963592529]
      t=38: [0.11100176721811295, -0.3980969488620758, 0.024695347994565964, -2.81630539894104, -0.019717779010534286, 2.445463180541992, 0.9759372472763062, 0.07935225963592529, 0.07935225963592529]
      t=39: [0.11927317082881927, -0.38601142168045044, 0.025386838242411613, -2.809823751449585, -0.01972063072025776, 2.4516441822052, 0.9905447959899902, 0.07935291528701782, 0.07935291528701782]
      t=40: [0.12784940004348755, -0.37315189838409424, 0.025805775076150894, -2.802077054977417, -0.019717685878276825, 2.4574952125549316, 1.0061134099960327, 0.07935291528701782, 0.07935291528701782]
      t=41: [0.13600751757621765, -0.3602343201637268, 0.025937924161553383, -2.7946290969848633, -0.019713453948497772, 2.4626574516296387, 1.0212494134902954, 0.07935291528701782, 0.07935291528701782]
      t=42: [0.1449756622314453, -0.3441358804702759, 0.02632158249616623, -2.784663438796997, -0.019715063273906708, 2.4682416915893555, 1.0379890203475952, 0.07935291528701782, 0.07935291528701782]
      t=43: [0.1516031175851822, -0.3312569856643677, 0.026413720101118088, -2.7767467498779297, -0.019714562222361565, 2.4719598293304443, 1.0496118068695068, 0.07935291528701782, 0.07935291528701782]
      t=44: [0.15907564759254456, -0.3143564462661743, 0.026455890387296677, -2.766468048095703, -0.019713234156370163, 2.4765405654907227, 1.0633795261383057, 0.07935291528701782, 0.07935291528701782]
      t=45: [0.16495928168296814, -0.2979747951030731, 0.026602236554026604, -2.7564618587493896, -0.019718360155820847, 2.480677366256714, 1.074182391166687, 0.07935291528701782, 0.07935291528701782]
      t=46: [0.1704714149236679, -0.2776252031326294, 0.0266182292252779, -2.7434356212615967, -0.0197167806327343, 2.4850454330444336, 1.0853945016860962, 0.07935291528701782, 0.07935291528701782]
      t=47: [0.17533624172210693, -0.25939691066741943, 0.026619598269462585, -2.7308664321899414, -0.019717469811439514, 2.4885494709014893, 1.0944042205810547, 0.07935291528701782, 0.07935291528701782]
      t=48: [0.17995049059391022, -0.23981893062591553, 0.02664533257484436, -2.717367649078369, -0.01971677504479885, 2.492305040359497, 1.101853847503662, 0.07935291528701782, 0.07935291528701782]
      t=49: [0.18483074009418488, -0.22032681107521057, 0.02664794772863388, -2.703840494155884, -0.01971869170665741, 2.496537446975708, 1.10751211643219, 0.07935291528701782, 0.07935291528701782]
      t=50: [0.19053015112876892, -0.1974611133337021, 0.02680511772632599, -2.6882529258728027, -0.019716300070285797, 2.5026297569274902, 1.11277437210083, 0.07935291528701782, 0.07935291528701782]
      t=51: [0.19519732892513275, -0.1775134652853012, 0.02700055204331875, -2.67475962638855, -0.019716758280992508, 2.5091288089752197, 1.1169816255569458, 0.07935291528701782, 0.07935291528701782]
      t=52: [0.2012299746274948, -0.1539197862148285, 0.027027813717722893, -2.6596741676330566, -0.019719531759619713, 2.5176100730895996, 1.122658610343933, 0.07935291528701782, 0.07935291528701782]
      t=53: [0.2055542916059494, -0.13433071970939636, 0.027077633887529373, -2.6476247310638428, -0.019717657938599586, 2.5242972373962402, 1.1277981996536255, 0.07935291528701782, 0.07935291528701782]
      t=54: [0.2096550017595291, -0.1138024553656578, 0.027087748050689697, -2.635727882385254, -0.019717978313565254, 2.532366991043091, 1.133405327796936, 0.07935291528701782, 0.07935291528701782]
      t=55: [0.2136869579553604, -0.09018517285585403, 0.027095837518572807, -2.62166428565979, -0.019718162715435028, 2.5428977012634277, 1.1390222311019897, 0.07935291528701782, 0.07935291528701782]
      t=56: [0.2158878594636917, -0.07219967991113663, 0.027170618996024132, -2.610689878463745, -0.019719017669558525, 2.5511820316314697, 1.1425009965896606, 0.07935291528701782, 0.07935291528701782]
      t=57: [0.21788246929645538, -0.05139898881316185, 0.027223877608776093, -2.5974280834198, -0.019720541313290596, 2.55981707572937, 1.1462544202804565, 0.07935291528701782, 0.07935291528701782]
      t=58: [0.2196907103061676, -0.03478169068694115, 0.027231799438595772, -2.5869081020355225, -0.01971975713968277, 2.565408706665039, 1.1495754718780518, 0.07935291528701782, 0.07935291528701782]
      t=59: [0.2222987413406372, -0.018405621871352196, 0.02725818008184433, -2.5762054920196533, -0.01971595548093319, 2.57000994682312, 1.1533678770065308, 0.07935291528701782, 0.07935291528701782]
      t=60: [0.22553220391273499, -4.174443529336713e-05, 0.02726946771144867, -2.563554048538208, -0.01971641182899475, 2.5749263763427734, 1.1580184698104858, 0.07935291528701782, 0.07935291528701782]
      t=61: [0.22771814465522766, 0.014776119962334633, 0.027289967983961105, -2.5530245304107666, -0.019717281684279442, 2.578749656677246, 1.1617425680160522, 0.07935291528701782, 0.07935291528701782]
      t=62: [0.22959698736667633, 0.03225988894701004, 0.02730373665690422, -2.539760112762451, -0.019715875387191772, 2.5833191871643066, 1.1654679775238037, 0.07935291528701782, 0.07935291528701782]
      t=63: [0.2308884561061859, 0.04652697965502739, 0.027316711843013763, -2.528859853744507, -0.019718395546078682, 2.587271213531494, 1.1680874824523926, 0.07935291528701782, 0.07935291528701782]
      t=64: [0.23246778547763824, 0.05999470874667168, 0.02734851837158203, -2.5184590816497803, -0.01971639133989811, 2.5907227993011475, 1.1702767610549927, 0.07935291528701782, 0.07935291528701782]
      t=65: [0.23539718985557556, 0.07713396847248077, 0.02737741358578205, -2.50535249710083, -0.01971859112381935, 2.594601631164551, 1.1731079816818237, 0.07935291528701782, 0.07935291528701782]
      t=66: [0.23811624944210052, 0.09006335586309433, 0.02743654139339924, -2.4956748485565186, -0.019718782976269722, 2.5971755981445312, 1.1754248142242432, 0.07935291528701782, 0.07935291528701782]
      t=67: [0.24082954227924347, 0.1041049063205719, 0.027768639847636223, -2.484642505645752, -0.01971447840332985, 2.5996627807617188, 1.1788136959075928, 0.07935291528701782, 0.07935291528701782]
      t=68: [0.24270378053188324, 0.11848212778568268, 0.02813521772623062, -2.473119020462036, -0.019717521965503693, 2.601982831954956, 1.1838897466659546, 0.07935291528701782, 0.07935291528701782]
      t=69: [0.24407492578029633, 0.13013136386871338, 0.028381289914250374, -2.462775707244873, -0.019719328731298447, 2.603671073913574, 1.1888489723205566, 0.07935291528701782, 0.07935291528701782]
      t=70: [0.2459365576505661, 0.1422194540500641, 0.028569132089614868, -2.4522597789764404, -0.01971513032913208, 2.6052277088165283, 1.1941254138946533, 0.07935291528701782, 0.07935291528701782]
      t=71: [0.2485126554965973, 0.15395449101924896, 0.02865646407008171, -2.441441774368286, -0.019716907292604446, 2.606426239013672, 1.1987169981002808, 0.07935291528701782, 0.07935291528701782]
      t=72: [0.25192612409591675, 0.16813737154006958, 0.0287015363574028, -2.4288229942321777, -0.019719207659363747, 2.6076369285583496, 1.2038295269012451, 0.07935291528701782, 0.07935291528701782]
      t=73: [0.2538514733314514, 0.1786191612482071, 0.02877618372440338, -2.4188919067382812, -0.01972014270722866, 2.6084649562835693, 1.2071489095687866, 0.07935291528701782, 0.07935291528701782]
      t=74: [0.25518515706062317, 0.19175255298614502, 0.028806045651435852, -2.406641960144043, -0.019715024158358574, 2.6092424392700195, 1.210351824760437, 0.07935225963592529, 0.07935225963592529]
      t=75: [0.2558138966560364, 0.20205725729465485, 0.0288058090955019, -2.3970694541931152, -0.01971842721104622, 2.609740972518921, 1.2125729322433472, 0.07935225963592529, 0.07935225963592529]
      t=76: [0.25627344846725464, 0.21265766024589539, 0.028808727860450745, -2.387608289718628, -0.01971985027194023, 2.610245943069458, 1.2145895957946777, 0.07935225963592529, 0.07935225963592529]
      t=77: [0.2566613256931305, 0.224718376994133, 0.02881213277578354, -2.377079725265503, -0.019718313589692116, 2.610860586166382, 1.216651201248169, 0.07935291528701782, 0.07935291528701782]
      t=78: [0.25679922103881836, 0.23438191413879395, 0.028809143230319023, -2.367943525314331, -0.019717451184988022, 2.6113266944885254, 1.2180794477462769, 0.07935291528701782, 0.07935291528701782]
      t=79: [0.2568846642971039, 0.2451460212469101, 0.028807925060391426, -2.3573195934295654, -0.019718769937753677, 2.61171817779541, 1.2199904918670654, 0.07935291528701782, 0.07935291528701782]
      t=80: [0.25692039728164673, 0.2541791498661041, 0.02881091646850109, -2.348196506500244, -0.019718782976269722, 2.6120715141296387, 1.2218974828720093, 0.07935291528701782, 0.07935291528701782]
      t=81: [0.2569352388381958, 0.26261427998542786, 0.028811626136302948, -2.340158224105835, -0.01971820741891861, 2.612220287322998, 1.2238987684249878, 0.07935291528701782, 0.07935291528701782]
      t=82: [0.2569662034511566, 0.2734534740447998, 0.02881038933992386, -2.330631732940674, -0.019718782976269722, 2.612344980239868, 1.226543664932251, 0.07935291528701782, 0.07935291528701782]
      t=83: [0.25697773694992065, 0.2815774977207184, 0.02881285548210144, -2.3241193294525146, -0.019718201830983162, 2.612457513809204, 1.2282898426055908, 0.07935291528701782, 0.07935291528701782]
      t=84: [0.2569810152053833, 0.2902798652648926, 0.02880793809890747, -2.31752610206604, -0.01971893012523651, 2.6125082969665527, 1.2298338413238525, 0.07935225963592529, 0.07935225963592529]
      t=85: [0.2569790780544281, 0.3006063401699066, 0.02881065383553505, -2.310682535171509, -0.01971638761460781, 2.612600803375244, 1.231196641921997, 0.07935225963592529, 0.07935225963592529]
      t=86: [0.2569771111011505, 0.3091588616371155, 0.028808685019612312, -2.304924964904785, -0.0197183508425951, 2.6131889820098877, 1.232163906097412, 0.07935225963592529, 0.07935225963592529]
      t=87: [0.256976455450058, 0.31691959500312805, 0.0288113784044981, -2.3005788326263428, -0.019721481949090958, 2.615091562271118, 1.2329137325286865, 0.07935225963592529, 0.07935225963592529]
      t=88: [0.2569774091243744, 0.32390058040618896, 0.028806956484913826, -2.296922445297241, -0.019718443974852562, 2.617985486984253, 1.2334163188934326, 0.07935225963592529, 0.07935225963592529]
      t=89: [0.25697392225265503, 0.33060339093208313, 0.028805753216147423, -2.293586015701294, -0.01971791870892048, 2.621166944503784, 1.233844518661499, 0.07935291528701782, 0.07935291528701782]
      t=90: [0.2569742202758789, 0.33727115392684937, 0.028807509690523148, -2.2916367053985596, -0.019717972725629807, 2.625213861465454, 1.234146237373352, 0.07935291528701782, 0.07935291528701782]
      t=91: [0.2569679617881775, 0.3432482182979584, 0.028809169307351112, -2.290597915649414, -0.01971878483891487, 2.6297600269317627, 1.2343937158584595, 0.07935291528701782, 0.07935291528701782]
      t=92: [0.25696274638175964, 0.34972867369651794, 0.0287981778383255, -2.289736747741699, -0.019718782976269722, 2.6349849700927734, 1.2346088886260986, 0.07935291528701782, 0.07935291528701782]
      t=93: [0.25696295499801636, 0.3544401526451111, 0.02880031056702137, -2.289210557937622, -0.019718285650014877, 2.638991117477417, 1.2347575426101685, 0.07935291528701782, 0.07935291528701782]
      t=94: [0.2569563388824463, 0.36015185713768005, 0.028795696794986725, -2.288447380065918, -0.019718782976269722, 2.6433956623077393, 1.2348741292953491, 0.07935291528701782, 0.07935291528701782]
      t=95: [0.25695380568504333, 0.36445286870002747, 0.0287981778383255, -2.287827730178833, -0.01971842348575592, 2.6472690105438232, 1.2349462509155273, 0.07935291528701782, 0.07935291528701782]
      t=96: [0.2569561004638672, 0.36893609166145325, 0.028795719146728516, -2.2870371341705322, -0.019716529175639153, 2.6535685062408447, 1.2350136041641235, 0.07935291528701782, 0.07935291528701782]
      t=97: [0.2569561004638672, 0.37246114015579224, 0.028795722872018814, -2.286189317703247, -0.01971832476556301, 2.659515857696533, 1.235058307647705, 0.07935291528701782, 0.07935291528701782]
      t=98: [0.25695618987083435, 0.3759518265724182, 0.028794489800930023, -2.285553216934204, -0.01971832662820816, 2.66597318649292, 1.2350976467132568, 0.07935291528701782, 0.07935291528701782]
      t=99: [0.2569552958011627, 0.37995782494544983, 0.02879456803202629, -2.284925937652588, -0.01971832476556301, 2.6727943420410156, 1.235138177871704, 0.07935291528701782, 0.07935291528701782]
      t=100: [0.2569563388824463, 0.3849543035030365, 0.028797825798392296, -2.283785343170166, -0.019716428592801094, 2.6789422035217285, 1.235177993774414, 0.07935291528701782, 0.07935291528701782]
      t=101: [0.25695574283599854, 0.3891902267932892, 0.028794245794415474, -2.282520055770874, -0.019717242568731308, 2.683436870574951, 1.2351996898651123, 0.07935291528701782, 0.07935291528701782]
      t=102: [0.25693657994270325, 0.3936109244823456, 0.028780236840248108, -2.2804479598999023, -0.019718680530786514, 2.6884593963623047, 1.2352294921875, 0.07935291528701782, 0.07935291528701782]
      t=103: [0.25692281126976013, 0.3970577120780945, 0.02877206914126873, -2.2786242961883545, -0.019719138741493225, 2.6925952434539795, 1.23525869846344, 0.07935225963592529, 0.07935225963592529]
      t=104: [0.2569151818752289, 0.4010642170906067, 0.028770647943019867, -2.2767367362976074, -0.019718283787369728, 2.6967899799346924, 1.2352858781814575, 0.07935225963592529, 0.07935225963592529]
      t=105: [0.2568993866443634, 0.4040605127811432, 0.02876671403646469, -2.275228261947632, -0.019718365743756294, 2.6992685794830322, 1.235308051109314, 0.07935225963592529, 0.07935225963592529]
      t=106: [0.25685447454452515, 0.40704262256622314, 0.028722712770104408, -2.2734827995300293, -0.019717706367373466, 2.701241970062256, 1.2353378534317017, 0.07935225963592529, 0.07935225963592529]
      t=107: [0.2566435635089874, 0.4107794165611267, 0.028378436341881752, -2.271318197250366, -0.019719241186976433, 2.703202724456787, 1.235403299331665, 0.07935225963592529, 0.07935225963592529]
      t=108: [0.2563247084617615, 0.4133013188838959, 0.027642663568258286, -2.2700138092041016, -0.019719239324331284, 2.7043020725250244, 1.235553503036499, 0.07935225963592529, 0.07935225963592529]
      t=109: [0.2558842897415161, 0.4149927496910095, 0.02657260186970234, -2.26908278465271, -0.019719678908586502, 2.7049598693847656, 1.2356064319610596, 0.07935225963592529, 0.07935225963592529]
      t=110: [0.25523680448532104, 0.4167768955230713, 0.025054942816495895, -2.2682607173919678, -0.01971965841948986, 2.705472707748413, 1.2356393337249756, 0.07935225963592529, 0.07935225963592529]
      t=111: [0.25465506315231323, 0.4181271195411682, 0.023962466046214104, -2.267958402633667, -0.019718633964657784, 2.705739736557007, 1.2356600761413574, 0.07935291528701782, 0.07935291528701782]
      t=112: [0.25414445996284485, 0.41986963152885437, 0.02258709818124771, -2.2678096294403076, -0.01971874013543129, 2.7059547901153564, 1.23567533493042, 0.07935291528701782, 0.07935291528701782]
      t=113: [0.2539263665676117, 0.4211525619029999, 0.021726030856370926, -2.2677292823791504, -0.0197147186845541, 2.7060964107513428, 1.2356925010681152, 0.07935291528701782, 0.07935291528701782]
      t=114: [0.25384193658828735, 0.42245104908943176, 0.021197982132434845, -2.2676303386688232, -0.019715690985322, 2.706251859664917, 1.2356988191604614, 0.07935291528701782, 0.07935291528701782]
      t=115: [0.253846675157547, 0.42341095209121704, 0.021053390577435493, -2.267404317855835, -0.01971934176981449, 2.7064313888549805, 1.2357149124145508, 0.07935225963592529, 0.07935225963592529]
      t=116: [0.2538456320762634, 0.42394548654556274, 0.02101770229637623, -2.2672312259674072, -0.019719228148460388, 2.7065718173980713, 1.2357221841812134, 0.07935225963592529, 0.07935225963592529]
      t=117: [0.253847599029541, 0.42412474751472473, 0.021006403490900993, -2.267108201980591, -0.01971440389752388, 2.706660509109497, 1.2357280254364014, 0.07935225963592529, 0.07935225963592529]
      t=118: [0.2538437247276306, 0.4242146909236908, 0.02098909206688404, -2.2669930458068848, -0.019719239324331284, 2.706732749938965, 1.235737681388855, 0.07935225963592529, 0.07935225963592529]
      t=119: [0.25384482741355896, 0.4243217408657074, 0.020981483161449432, -2.2669360637664795, -0.019713902845978737, 2.706766366958618, 1.235744595527649, 0.07935225963592529, 0.07935225963592529]
      t=120: [0.253844678401947, 0.4245334267616272, 0.02097705751657486, -2.266922950744629, -0.019719699397683144, 2.706787109375, 1.235750436782837, 0.07935225963592529, 0.07935225963592529]
      t=121: [0.253843754529953, 0.42483171820640564, 0.0209775660187006, -2.2669217586517334, -0.01971600018441677, 2.706792116165161, 1.2357523441314697, 0.07935225963592529, 0.07935225963592529]
      t=122: [0.25384917855262756, 0.42541927099227905, 0.02097264491021633, -2.266916275024414, -0.01971791498363018, 2.7067997455596924, 1.2357579469680786, 0.07935225963592529, 0.07935225963592529]
      t=123: [0.2538480758666992, 0.42593222856521606, 0.020976323634386063, -2.2669150829315186, -0.01971888169646263, 2.7068076133728027, 1.2357661724090576, 0.07935225963592529, 0.07935225963592529]
      t=124: [0.2538467049598694, 0.4263461232185364, 0.020971739664673805, -2.266918659210205, -0.019718321040272713, 2.7068097591400146, 1.2357714176177979, 0.07935225963592529, 0.07935225963592529]
      t=125: [0.2538444399833679, 0.42663827538490295, 0.020974572747945786, -2.2669150829315186, -0.019717473536729813, 2.706812858581543, 1.235772728919983, 0.07935225963592529, 0.07935225963592529]
      t=126: [0.2538467049598694, 0.42693179845809937, 0.020971227437257767, -2.266914129257202, -0.019716057926416397, 2.706817150115967, 1.2357752323150635, 0.07935225963592529, 0.07935225963592529]
      t=127: [0.25384795665740967, 0.42717885971069336, 0.020972631871700287, -2.266913652420044, -0.019716909155249596, 2.7068145275115967, 1.235780119895935, 0.07935225963592529, 0.07935225963592529]
      t=128: [0.2538456618785858, 0.427364706993103, 0.02097230777144432, -2.266881227493286, -0.019714508205652237, 2.7068488597869873, 1.2357879877090454, 0.07935225963592529, 0.07935225963592529]
      t=129: [0.25384411215782166, 0.4272887110710144, 0.0209671538323164, -2.2667236328125, -0.01971815899014473, 2.70684814453125, 1.2357898950576782, 0.052475545555353165, 0.052475545555353165]
      t=130: [0.25385111570358276, 0.4274720847606659, 0.0209671501070261, -2.2665600776672363, -0.019717220216989517, 2.7068498134613037, 1.2357895374298096, 0.052475545555353165, 0.052475545555353165]
      t=131: [0.25385433435440063, 0.4275250732898712, 0.020964959636330605, -2.266550064086914, -0.01971842721104622, 2.70685076713562, 1.235791802406311, 0.038574568927288055, 0.038574568927288055]
      t=132: [0.2538522779941559, 0.4275226593017578, 0.020966751500964165, -2.266542673110962, -0.019718769937753677, 2.7068490982055664, 1.2357966899871826, 0.038574568927288055, 0.038574568927288055]
      t=133: [0.2538551092147827, 0.4275246858596802, 0.02096904069185257, -2.266512870788574, -0.019719725474715233, 2.7068517208099365, 1.2357956171035767, 0.038574568927288055, 0.038574568927288055]
      t=134: [0.2538547217845917, 0.42751753330230713, 0.02096385695040226, -2.2662882804870605, -0.01971741020679474, 2.7068679332733154, 1.2357908487319946, 0.038574568927288055, 0.038574568927288055]
      t=135: [0.2538706064224243, 0.42733362317085266, 0.020972134545445442, -2.26548171043396, -0.01971752941608429, 2.7073631286621094, 1.2357913255691528, 0.038574568927288055, 0.038574568927288055]
      t=136: [0.2539946138858795, 0.4260334372520447, 0.02098812162876129, -2.264267683029175, -0.01972109079360962, 2.7080204486846924, 1.2357937097549438, 0.03873151168227196, 0.03873151168227196]
      t=137: [0.25430890917778015, 0.4236489236354828, 0.0211221594363451, -2.2629573345184326, -0.01971755176782608, 2.7084615230560303, 1.235791802406311, 0.03873151168227196, 0.03873151168227196]
      t=138: [0.25453898310661316, 0.420684814453125, 0.021275870501995087, -2.2615268230438232, -0.01971944235265255, 2.7085981369018555, 1.2357923984527588, 0.03873151168227196, 0.03873151168227196]
      t=139: [0.25459131598472595, 0.4159852862358093, 0.02132984809577465, -2.260099411010742, -0.019716935232281685, 2.708592414855957, 1.2357927560806274, 0.03873151168227196, 0.03873151168227196]
      t=140: [0.2545726001262665, 0.41136589646339417, 0.021327374503016472, -2.259469747543335, -0.01971741020679474, 2.7083029747009277, 1.2358002662658691, 0.03873151168227196, 0.03873151168227196]
      t=141: [0.25456637144088745, 0.40670037269592285, 0.021327320486307144, -2.2592854499816895, -0.01971833035349846, 2.706350803375244, 1.2357943058013916, 0.038738735020160675, 0.038738735020160675]
      t=142: [0.25455141067504883, 0.40143170952796936, 0.021321887150406837, -2.259289026260376, -0.019719241186976433, 2.703209638595581, 1.2357908487319946, 0.038738735020160675, 0.038738735020160675]
      t=143: [0.2544195353984833, 0.39428743720054626, 0.02131706476211548, -2.259291172027588, -0.01971466653048992, 2.6984667778015137, 1.235798716545105, 0.038738735020160675, 0.038738735020160675]
      t=144: [0.254154771566391, 0.3843984305858612, 0.02130254916846752, -2.2592854499816895, -0.01971801184117794, 2.690910816192627, 1.2357993125915527, 0.03874333202838898, 0.03874333202838898]
      t=145: [0.25400030612945557, 0.3741801083087921, 0.02130148373544216, -2.259291410446167, -0.019719038158655167, 2.6808581352233887, 1.2358018159866333, 0.03874333202838898, 0.03874333202838898]
      t=146: [0.25386419892311096, 0.362606406211853, 0.02129959501326084, -2.259307861328125, -0.019718578085303307, 2.667917013168335, 1.2357990741729736, 0.03874333202838898, 0.03874333202838898]
      t=147: [0.2537090480327606, 0.34742307662963867, 0.021294621750712395, -2.2593131065368652, -0.01971798576414585, 2.651047945022583, 1.2358050346374512, 0.038743991404771805, 0.038743991404771805]
      t=148: [0.2535933256149292, 0.3338868319988251, 0.021291501820087433, -2.2593119144439697, -0.01971631869673729, 2.6361804008483887, 1.2358078956604004, 0.038743991404771805, 0.038743991404771805]
      t=149: [0.25345566868782043, 0.3194427490234375, 0.021290985867381096, -2.259312629699707, -0.019718563184142113, 2.6201560497283936, 1.2358123064041138, 0.038743991404771805, 0.038743991404771805]
      t=150: [0.2531731128692627, 0.30148154497146606, 0.021277934312820435, -2.259315252304077, -0.019718913361430168, 2.5996477603912354, 1.2358053922653198, 0.038743991404771805, 0.038743991404771805]
      t=151: [0.2529129087924957, 0.2862299382686615, 0.020979849621653557, -2.259335517883301, -0.01972106285393238, 2.5819127559661865, 1.2358170747756958, 0.03896003216505051, 0.03896003216505051]
      t=152: [0.2525538206100464, 0.27207380533218384, 0.02080432139337063, -2.259338855743408, -0.01972140185534954, 2.564680337905884, 1.235816478729248, 0.03896003216505051, 0.03896003216505051]
      t=153: [0.25222647190093994, 0.2556082010269165, 0.020593611523509026, -2.259351968765259, -0.019714023917913437, 2.5446524620056152, 1.235814094543457, 0.03896003216505051, 0.03896003216505051]
      t=154: [0.25201717019081116, 0.2416733354330063, 0.02047021873295307, -2.2593703269958496, -0.019717717543244362, 2.5286612510681152, 1.235816478729248, 0.03896003216505051, 0.03896003216505051]
      t=155: [0.2518615424633026, 0.22943973541259766, 0.02036440372467041, -2.2593607902526855, -0.01971709355711937, 2.5142040252685547, 1.2358213663101196, 0.03914390131831169, 0.03914390131831169]
      t=156: [0.2516191601753235, 0.21558091044425964, 0.020256390795111656, -2.2593770027160645, -0.019717780873179436, 2.497507333755493, 1.2358272075653076, 0.03914390131831169, 0.03914390131831169]
      t=157: [0.251364529132843, 0.20575283467769623, 0.020140403881669044, -2.2594006061553955, -0.0197190772742033, 2.4847311973571777, 1.2358235120773315, 0.03914390131831169, 0.03914390131831169]
      t=158: [0.25104156136512756, 0.19722989201545715, 0.01993020810186863, -2.2594034671783447, -0.01971828192472458, 2.472245693206787, 1.2358306646347046, 0.03914390131831169, 0.03914390131831169]
      t=159: [0.2503270208835602, 0.18693037331104279, 0.019511228427290916, -2.2594194412231445, -0.01971708983182907, 2.457519054412842, 1.2358392477035522, 0.039241086691617966, 0.039241086691617966]
      t=160: [0.24909916520118713, 0.17858028411865234, 0.018846742808818817, -2.2594408988952637, -0.019716311246156693, 2.4466161727905273, 1.235841989517212, 0.039241086691617966, 0.039241086691617966]
      t=161: [0.2467842549085617, 0.17037855088710785, 0.017979610711336136, -2.2594285011291504, -0.019715437665581703, 2.4375925064086914, 1.2358382940292358, 0.039241086691617966, 0.039241086691617966]
      t=162: [0.24279753863811493, 0.1618570238351822, 0.0172073133289814, -2.2594285011291504, -0.019717220216989517, 2.4295122623443604, 1.235840082168579, 0.039241086691617966, 0.039241086691617966]
      t=163: [0.2380353808403015, 0.1540156900882721, 0.016174858435988426, -2.259425401687622, -0.019720658659934998, 2.421999454498291, 1.2358278036117554, 0.039241086691617966, 0.039241086691617966]
      t=164: [0.23301628232002258, 0.14759428799152374, 0.01518065482378006, -2.259427547454834, -0.01971922628581524, 2.415645122528076, 1.2357076406478882, 0.039240431040525436, 0.039240431040525436]
      t=165: [0.2261921614408493, 0.14199261367321014, 0.014414774253964424, -2.25944185256958, -0.019717495888471603, 2.409109592437744, 1.2334588766098022, 0.039240431040525436, 0.039240431040525436]
      t=166: [0.22042708098888397, 0.13823343813419342, 0.013536635786294937, -2.259436845779419, -0.01972137950360775, 2.40433406829834, 1.2285913228988647, 0.039240431040525436, 0.039240431040525436]
      t=167: [0.21360234916210175, 0.13599592447280884, 0.013229726813733578, -2.25944185256958, -0.019727446138858795, 2.4008572101593018, 1.2208609580993652, 0.039240431040525436, 0.039240431040525436]
      t=168: [0.20549194514751434, 0.13494479656219482, 0.012613536790013313, -2.259443998336792, -0.019733063876628876, 2.3977863788604736, 1.2099510431289673, 0.039241086691617966, 0.039241086691617966]
      t=169: [0.19625338912010193, 0.13473355770111084, 0.01176455058157444, -2.2594504356384277, -0.019750742241740227, 2.395721912384033, 1.1965975761413574, 0.039241086691617966, 0.039241086691617966]
      t=170: [0.18490198254585266, 0.13471756875514984, 0.01111800316721201, -2.2594518661499023, -0.019774015992879868, 2.3939120769500732, 1.1793272495269775, 0.039241086691617966, 0.039241086691617966]
      t=171: [0.17215129733085632, 0.13470156490802765, 0.010278011672198772, -2.259450912475586, -0.02001238986849785, 2.392202854156494, 1.1591969728469849, 0.039241086691617966, 0.039241086691617966]
      t=172: [0.16116544604301453, 0.13469958305358887, 0.00945670623332262, -2.2594516277313232, -0.02012917958199978, 2.3910202980041504, 1.142106056213379, 0.039241742342710495, 0.039241742342710495]
      t=173: [0.14787890017032623, 0.13469958305358887, 0.008751398883759975, -2.2594637870788574, -0.020231226459145546, 2.389798164367676, 1.122628927230835, 0.039241742342710495, 0.039241742342710495]
      t=174: [0.13497038185596466, 0.1346980482339859, 0.007935279980301857, -2.259521245956421, -0.020333822816610336, 2.388819932937622, 1.1032307147979736, 0.039241742342710495, 0.039241742342710495]
      t=175: [0.12229758501052856, 0.13469907641410828, 0.007437674328684807, -2.2598893642425537, -0.020431645214557648, 2.3879923820495605, 1.0829362869262695, 0.039241742342710495, 0.039241742342710495]
      t=176: [0.10973614454269409, 0.1347021460533142, 0.00686256866902113, -2.2605984210968018, -0.02052602358162403, 2.3871655464172363, 1.0623856782913208, 0.03923977166414261, 0.03923977166414261]
      t=177: [0.0940452590584755, 0.13470350205898285, 0.006349972449243069, -2.26176118850708, -0.020609956234693527, 2.386382818222046, 1.038392424583435, 0.03923977166414261, 0.03923977166414261]
      t=178: [0.08076325058937073, 0.13470476865768433, 0.005681370384991169, -2.2627155780792236, -0.02067120373249054, 2.3858695030212402, 1.0176945924758911, 0.03923977166414261, 0.03923977166414261]
      t=179: [0.06815288215875626, 0.13470527529716492, 0.005193968769162893, -2.263437509536743, -0.020725930109620094, 2.3855459690093994, 0.9974758625030518, 0.039241086691617966, 0.039241086691617966]
      t=180: [0.055454447865486145, 0.1346958726644516, 0.004703329410403967, -2.263859987258911, -0.02075711265206337, 2.3853437900543213, 0.9764312505722046, 0.039241086691617966, 0.039241086691617966]
      t=181: [0.043883681297302246, 0.1346970796585083, 0.004513469524681568, -2.263995885848999, -0.020781520754098892, 2.385246992111206, 0.9576087594032288, 0.039241086691617966, 0.039241086691617966]
      t=182: [0.029591964557766914, 0.13469482958316803, 0.004254060331732035, -2.2640349864959717, -0.020804259926080704, 2.3851420879364014, 0.9343100786209106, 0.039241086691617966, 0.039241086691617966]
      t=183: [0.01924317516386509, 0.1346910148859024, 0.00419548898935318, -2.264049530029297, -0.02082040160894394, 2.385082483291626, 0.9166299104690552, 0.03923977166414261, 0.03923977166414261]
      t=184: [0.0043883235193789005, 0.1346832811832428, 0.003971249796450138, -2.264058828353882, -0.02084718644618988, 2.3850362300872803, 0.8919481635093689, 0.03923977166414261, 0.03923977166414261]
      t=185: [-0.006975263357162476, 0.13468238711357117, 0.0038438020274043083, -2.2640743255615234, -0.02085588127374649, 2.3849990367889404, 0.8736104965209961, 0.03923977166414261, 0.03923977166414261]
      t=186: [-0.02124211937189102, 0.1346672624349594, 0.003411869052797556, -2.2642431259155273, -0.02086297795176506, 2.384906530380249, 0.8521619439125061, 0.03923977166414261, 0.03923977166414261]
      t=187: [-0.032923828810453415, 0.13467857241630554, 0.003150737611576915, -2.2648134231567383, -0.02086949720978737, 2.3847522735595703, 0.8365852236747742, 0.03923977166414261, 0.03923977166414261]
      t=188: [-0.04550071805715561, 0.1346772164106369, 0.0026486534625291824, -2.2659103870391846, -0.020866813138127327, 2.38461971282959, 0.8204655647277832, 0.03923977166414261, 0.03923977166414261]
      t=189: [-0.060689911246299744, 0.13468414545059204, 0.0023571252822875977, -2.2675940990448, -0.02087068371474743, 2.384448289871216, 0.8006092309951782, 0.03923977166414261, 0.03923977166414261]
      t=190: [-0.07190266996622086, 0.1346849501132965, 0.002078472403809428, -2.268864631652832, -0.0208723321557045, 2.384303331375122, 0.7855672836303711, 0.03923977166414261, 0.03923977166414261]
      t=191: [-0.08308034390211105, 0.13468362390995026, 0.0020470386371016502, -2.270336627960205, -0.0208735354244709, 2.3841423988342285, 0.7710406184196472, 0.039240431040525436, 0.039240431040525436]
      t=192: [-0.09419621527194977, 0.13468067348003387, 0.0019794520922005177, -2.2723660469055176, -0.020870104432106018, 2.384016752243042, 0.7585501074790955, 0.039240431040525436, 0.039240431040525436]
      t=193: [-0.1047494038939476, 0.13468226790428162, 0.0019609483424574137, -2.27485728263855, -0.020869625732302666, 2.3839032649993896, 0.7485625743865967, 0.039240431040525436, 0.039240431040525436]
      t=194: [-0.11605513840913773, 0.13468307256698608, 0.001939337351359427, -2.278477191925049, -0.020872024819254875, 2.383840560913086, 0.7401394248008728, 0.039240431040525436, 0.039240431040525436]
      t=195: [-0.12522448599338531, 0.13470494747161865, 0.0019161523086950183, -2.281694173812866, -0.02086949720978737, 2.383779764175415, 0.7342529892921448, 0.039240431040525436, 0.039240431040525436]
      t=196: [-0.1340351104736328, 0.13470526039600372, 0.0019203912233933806, -2.2848098278045654, -0.02087329886853695, 2.3836259841918945, 0.7293075323104858, 0.039240431040525436, 0.039240431040525436]
      t=197: [-0.1417703926563263, 0.1347057819366455, 0.0019144234247505665, -2.287928342819214, -0.020872771739959717, 2.383533000946045, 0.7253724336624146, 0.039240431040525436, 0.039240431040525436]
      t=198: [-0.14904457330703735, 0.13469766080379486, 0.001921495539136231, -2.2911431789398193, -0.02087222971022129, 2.3835089206695557, 0.7214422821998596, 0.039240431040525436, 0.039240431040525436]
      t=199: [-0.15653668344020844, 0.13470207154750824, 0.0019237810047343373, -2.2945828437805176, -0.0208718404173851, 2.38350248336792, 0.7167683243751526, 0.03923977166414261, 0.03923977166414261]
      t=200: [-0.1622573733329773, 0.1346997171640396, 0.0019287257455289364, -2.2969298362731934, -0.02086956612765789, 2.3834991455078125, 0.7128660082817078, 0.03923977166414261, 0.03923977166414261]
      t=201: [-0.16906975209712982, 0.1346951574087143, 0.0019234145293012261, -2.2994489669799805, -0.020871633663773537, 2.38350510597229, 0.7078698873519897, 0.03923977166414261, 0.03923977166414261]
      t=202: [-0.17469899356365204, 0.13469377160072327, 0.0019315838580951095, -2.3013272285461426, -0.020870473235845566, 2.383497714996338, 0.7032188177108765, 0.03923977166414261, 0.03923977166414261]
      t=203: [-0.18153199553489685, 0.1346958726644516, 0.001933749415911734, -2.3033549785614014, -0.020871322602033615, 2.383500099182129, 0.6970035433769226, 0.03923977166414261, 0.03923977166414261]
      t=204: [-0.18753883242607117, 0.1347002536058426, 0.0019342758459970355, -2.3050804138183594, -0.02087029628455639, 2.383500099182129, 0.6908223032951355, 0.03923977166414261, 0.03923977166414261]
      t=205: [-0.19416174292564392, 0.13476142287254333, 0.0019228263990953565, -2.306692123413086, -0.020871512591838837, 2.383507490158081, 0.6845059394836426, 0.03923977166414261, 0.03923977166414261]
      t=206: [-0.20079459249973297, 0.13486789166927338, 0.0019211764447391033, -2.3083584308624268, -0.020868806168437004, 2.3835177421569824, 0.6779031157493591, 0.039241742342710495, 0.039241742342710495]
      t=207: [-0.2069144994020462, 0.13521912693977356, 0.0019035279983654618, -2.310032606124878, -0.02086670882999897, 2.3835415840148926, 0.671260416507721, 0.039241742342710495, 0.039241742342710495]
      t=208: [-0.21300038695335388, 0.13579218089580536, 0.0018875452224165201, -2.3120765686035156, -0.020871756598353386, 2.3840646743774414, 0.664598286151886, 0.039241742342710495, 0.039241742342710495]
      t=209: [-0.21877163648605347, 0.1368158757686615, 0.00186333735473454, -2.313638687133789, -0.020870249718427658, 2.3849380016326904, 0.6581664681434631, 0.03923977166414261, 0.03923977166414261]
      t=210: [-0.22456717491149902, 0.1386841982603073, 0.0015119382878765464, -2.3152034282684326, -0.02086731605231762, 2.3869802951812744, 0.6513649225234985, 0.03923977166414261, 0.03923977166414261]
      t=211: [-0.22935163974761963, 0.1409594863653183, 0.0014196382835507393, -2.3162333965301514, -0.020871859043836594, 2.3900766372680664, 0.6469187140464783, 0.03923977166414261, 0.03923977166414261]
      t=212: [-0.23323850333690643, 0.14435328543186188, 0.0010461569763720036, -2.3169829845428467, -0.02086820639669895, 2.394749879837036, 0.6430906057357788, 0.039240431040525436, 0.039240431040525436]
      t=213: [-0.23601846396923065, 0.1495083123445511, 0.0006599437911063433, -2.317290782928467, -0.020870262756943703, 2.400980234146118, 0.6398317217826843, 0.039240431040525436, 0.039240431040525436]
      t=214: [-0.23839548230171204, 0.15616105496883392, 0.0005506201996468008, -2.31752872467041, -0.020868506282567978, 2.4094276428222656, 0.63653963804245, 0.039240431040525436, 0.039240431040525436]
      t=215: [-0.24068155884742737, 0.16293659806251526, 0.0005467641167342663, -2.317636728286743, -0.020868100225925446, 2.4199395179748535, 0.6337488889694214, 0.039240431040525436, 0.039240431040525436]
      t=216: [-0.2431517243385315, 0.17088092863559723, 0.0005354314344003797, -2.3176536560058594, -0.02087271586060524, 2.4335999488830566, 0.6311619877815247, 0.03924305737018585, 0.03924305737018585]
      t=217: [-0.24526014924049377, 0.1786784827709198, 0.0005153020611032844, -2.317657947540283, -0.020869432017207146, 2.447697877883911, 0.6291038393974304, 0.03924305737018585, 0.03924305737018585]
      t=218: [-0.24677354097366333, 0.185103639960289, 0.000466930796392262, -2.3176589012145996, -0.02086855284869671, 2.4600253105163574, 0.6277711987495422, 0.03924305737018585, 0.03924305737018585]
      t=219: [-0.24808140099048615, 0.19168700277805328, 0.00041654371307231486, -2.317671060562134, -0.02086896263062954, 2.472338914871216, 0.626462996006012, 0.03924305737018585, 0.03924305737018585]
      t=220: [-0.24957095086574554, 0.19904306530952454, 0.0003894168767146766, -2.317664623260498, -0.020867981016635895, 2.486459493637085, 0.6242707371711731, 0.03923977166414261, 0.03923977166414261]
      t=221: [-0.25068777799606323, 0.20464567840099335, 0.0003835878742393106, -2.3176872730255127, -0.020872630178928375, 2.4964730739593506, 0.6219151616096497, 0.03923977166414261, 0.03923977166414261]
      t=222: [-0.2519914507865906, 0.20989078283309937, 0.0003805592132266611, -2.3177297115325928, -0.020868636667728424, 2.505276679992676, 0.6193152666091919, 0.03923977166414261, 0.03923977166414261]
      t=223: [-0.25434353947639465, 0.21572479605674744, 0.00037719024112448096, -2.3178658485412598, -0.02086753584444523, 2.515003204345703, 0.6164036393165588, 0.039241086691617966, 0.039241086691617966]
      t=224: [-0.25656643509864807, 0.2194901555776596, 0.0003668228455353528, -2.317923069000244, -0.02087170071899891, 2.5209717750549316, 0.6144018173217773, 0.039241086691617966, 0.039241086691617966]
      t=225: [-0.259347140789032, 0.22362542152404785, 0.0002689212851691991, -2.317957639694214, -0.020863914862275124, 2.5275096893310547, 0.6116570830345154, 0.039241086691617966, 0.039241086691617966]
      t=226: [-0.2618502080440521, 0.2283129245042801, 9.88405299722217e-05, -2.3180091381073, -0.020870434120297432, 2.534471035003662, 0.6064987182617188, 0.039241086691617966, 0.039241086691617966]
      t=227: [-0.26414379477500916, 0.23251768946647644, 8.28328265924938e-05, -2.3182625770568848, -0.020871397107839584, 2.5404391288757324, 0.6006745100021362, 0.039240431040525436, 0.039240431040525436]
      t=228: [-0.2665790021419525, 0.23610027134418488, 7.794075645506382e-05, -2.3184494972229004, -0.020870471373200417, 2.545719623565674, 0.5940757989883423, 0.039240431040525436, 0.039240431040525436]
      t=229: [-0.26881828904151917, 0.2396489828824997, 6.75444898661226e-05, -2.318537473678589, -0.02087043970823288, 2.5504229068756104, 0.5880888104438782, 0.039240431040525436, 0.039240431040525436]
      t=230: [-0.2705986499786377, 0.24350355565547943, 6.336357182590291e-05, -2.3186886310577393, -0.02087048627436161, 2.5542898178100586, 0.582636296749115, 0.03923911601305008, 0.03923911601305008]
      t=231: [-0.2713176906108856, 0.24646170437335968, 6.346090231090784e-05, -2.31904673576355, -0.020867686718702316, 2.5565433502197266, 0.578641951084137, 0.03923911601305008, 0.03923911601305008]
      t=232: [-0.27139124274253845, 0.24956004321575165, 8.474760397803038e-05, -2.319746732711792, -0.02087031677365303, 2.5586090087890625, 0.5748618245124817, 0.03923911601305008, 0.03923911601305008]
      t=233: [-0.2713872492313385, 0.2523675858974457, 0.00019213039195165038, -2.32085919380188, -0.020870931446552277, 2.5600523948669434, 0.5724737644195557, 0.03923911601305008, 0.03923911601305008]
      t=234: [-0.2713696360588074, 0.25487807393074036, 0.0006931727402843535, -2.3228919506073, -0.020869055762887, 2.561474561691284, 0.5705636739730835, 0.03924305737018585, 0.03924305737018585]
      t=235: [-0.2713032066822052, 0.25640445947647095, 0.0017533756326884031, -2.326247453689575, -0.02087356708943844, 2.563338279724121, 0.5690151453018188, 0.03924305737018585, 0.03924305737018585]
      t=236: [-0.2711043655872345, 0.25689268112182617, 0.0034573115408420563, -2.330505132675171, -0.020870588719844818, 2.5662405490875244, 0.5679107308387756, 0.03924305737018585, 0.03924305737018585]
      t=237: [-0.27076995372772217, 0.25735238194465637, 0.0060056657530367374, -2.335427761077881, -0.020869988948106766, 2.57106876373291, 0.5669378042221069, 0.03924305737018585, 0.03924305737018585]
      t=238: [-0.270593523979187, 0.25760501623153687, 0.008435345254838467, -2.339481830596924, -0.02087046392261982, 2.5757758617401123, 0.5665661692619324, 0.039240431040525436, 0.039240431040525436]
      t=239: [-0.27034157514572144, 0.25774717330932617, 0.011480378918349743, -2.3448362350463867, -0.020866313949227333, 2.581855297088623, 0.566455602645874, 0.039240431040525436, 0.039240431040525436]
      t=240: [-0.2697877287864685, 0.258090078830719, 0.014031493104994297, -2.3498432636260986, -0.02086779475212097, 2.5883140563964844, 0.5664464235305786, 0.039240431040525436, 0.039240431040525436]
      t=241: [-0.2693401873111725, 0.2584279775619507, 0.01637769490480423, -2.3539464473724365, -0.020866764709353447, 2.595231771469116, 0.5664488077163696, 0.039240431040525436, 0.039240431040525436]
      t=242: [-0.2691570818424225, 0.25864729285240173, 0.019028495997190475, -2.3574509620666504, -0.02084522694349289, 2.6019771099090576, 0.5664501786231995, 0.039240431040525436, 0.039240431040525436]
      t=243: [-0.26908859610557556, 0.258932501077652, 0.02104193903505802, -2.3590805530548096, -0.020839707925915718, 2.6063475608825684, 0.5664528012275696, 0.039240431040525436, 0.039240431040525436]
      t=244: [-0.26901349425315857, 0.2594435214996338, 0.022630520164966583, -2.35988187789917, -0.02083422802388668, 2.610349416732788, 0.5664530396461487, 0.039240431040525436, 0.039240431040525436]
      t=245: [-0.269006609916687, 0.259962260723114, 0.023707576096057892, -2.3603360652923584, -0.020831266418099403, 2.614060401916504, 0.5664559006690979, 0.039240431040525436, 0.039240431040525436]
      t=246: [-0.26900914311408997, 0.26055908203125, 0.024512868374586105, -2.3606975078582764, -0.020830484107136726, 2.6183419227600098, 0.5664611458778381, 0.039240431040525436, 0.039240431040525436]
      t=247: [-0.26901358366012573, 0.2612931728363037, 0.024767745286226273, -2.360926866531372, -0.020828919485211372, 2.6214966773986816, 0.5664777755737305, 0.039240431040525436, 0.039240431040525436]
      t=248: [-0.26901960372924805, 0.26248258352279663, 0.024825405329465866, -2.361250638961792, -0.02082570642232895, 2.6246163845062256, 0.5664816498756409, 0.03924305737018585, 0.03924305737018585]
      t=249: [-0.26901811361312866, 0.26462817192077637, 0.02483515441417694, -2.3617067337036133, -0.020823830738663673, 2.628129482269287, 0.5664814710617065, 0.03924305737018585, 0.03924305737018585]
      t=250: [-0.269021600484848, 0.26702451705932617, 0.02484956942498684, -2.3619234561920166, -0.02082429826259613, 2.630725622177124, 0.5664898157119751, 0.03924305737018585, 0.03924305737018585]
      t=251: [-0.2690204083919525, 0.26983368396759033, 0.02486039698123932, -2.362182378768921, -0.02081960253417492, 2.6333470344543457, 0.5664880275726318, 0.03924305737018585, 0.03924305737018585]
      t=252: [-0.26901713013648987, 0.27227941155433655, 0.024870555847883224, -2.3623666763305664, -0.020819680765271187, 2.6357812881469727, 0.5664912462234497, 0.039240431040525436, 0.039240431040525436]
      t=253: [-0.26902273297309875, 0.27443569898605347, 0.024874242022633553, -2.362447500228882, -0.02081967517733574, 2.637928009033203, 0.5664941072463989, 0.039240431040525436, 0.039240431040525436]
      t=254: [-0.26902055740356445, 0.2766994833946228, 0.024878250434994698, -2.362473487854004, -0.020823344588279724, 2.6400582790374756, 0.5664951801300049, 0.039240431040525436, 0.039240431040525436]
      t=255: [-0.26902058720588684, 0.2787105143070221, 0.024900712072849274, -2.3624799251556396, -0.02082415297627449, 2.6418914794921875, 0.5665005445480347, 0.039240431040525436, 0.039240431040525436]
      t=256: [-0.2690187394618988, 0.28035610914230347, 0.02495744824409485, -2.3624813556671143, -0.020819315686821938, 2.643490791320801, 0.5664936900138855, 0.039240431040525436, 0.039240431040525436]
      t=257: [-0.26901036500930786, 0.28122109174728394, 0.025220051407814026, -2.362478017807007, -0.02082182839512825, 2.644679546356201, 0.5664905309677124, 0.03923977166414261, 0.03923977166414261]
      t=258: [-0.26892948150634766, 0.2814663052558899, 0.025642966851592064, -2.362476110458374, -0.02082252688705921, 2.6455466747283936, 0.5664980411529541, 0.03923977166414261, 0.03923977166414261]
      t=259: [-0.26862144470214844, 0.28148236870765686, 0.026045402511954308, -2.362478256225586, -0.02082289382815361, 2.646106004714966, 0.5664975643157959, 0.03923977166414261, 0.03923977166414261]
      t=260: [-0.2677702009677887, 0.28150033950805664, 0.026646772399544716, -2.3624792098999023, -0.02081940323114395, 2.6465859413146973, 0.5664958953857422, 0.03923977166414261, 0.03923977166414261]
      t=261: [-0.26697224378585815, 0.28152161836624146, 0.027187762781977654, -2.3624863624572754, -0.020818175747990608, 2.6468589305877686, 0.5664973855018616, 0.03923977166414261, 0.03923977166414261]
      t=262: [-0.2661878168582916, 0.28154391050338745, 0.02779875136911869, -2.3624861240386963, -0.02081969752907753, 2.6470842361450195, 0.5664923787117004, 0.039241086691617966, 0.039241086691617966]
      t=263: [-0.26574140787124634, 0.2815553843975067, 0.028080731630325317, -2.362492084503174, -0.020822644233703613, 2.6472690105438232, 0.5664938688278198, 0.039241086691617966, 0.039241086691617966]
      t=264: [-0.2655254602432251, 0.281569242477417, 0.028231589123606682, -2.362496852874756, -0.020819339901208878, 2.6474151611328125, 0.5664964914321899, 0.039241086691617966, 0.039241086691617966]
      t=265: [-0.26549145579338074, 0.28158023953437805, 0.02827063761651516, -2.362497091293335, -0.020820658653974533, 2.647566556930542, 0.5664966106414795, 0.039241086691617966, 0.039241086691617966]
      t=266: [-0.2654878795146942, 0.2815920114517212, 0.028288880363106728, -2.362502098083496, -0.020822469145059586, 2.6477105617523193, 0.5664956569671631, 0.039241086691617966, 0.039241086691617966]
      t=267: [-0.2654864192008972, 0.2815951704978943, 0.02829301357269287, -2.3624987602233887, -0.02082199789583683, 2.6478536128997803, 0.5664956569671631, 0.039241086691617966, 0.039241086691617966]
      t=268: [-0.2654787600040436, 0.28160157799720764, 0.028296256437897682, -2.3625006675720215, -0.020818985998630524, 2.647968053817749, 0.5664970874786377, 0.039241086691617966, 0.039241086691617966]
      t=269: [-0.2654830813407898, 0.2816050052642822, 0.028296876698732376, -2.3625035285949707, -0.020822888240218163, 2.6480748653411865, 0.5664965510368347, 0.039241086691617966, 0.039241086691617966]
      t=270: [-0.2654837965965271, 0.2816067337989807, 0.02829907275736332, -2.3625028133392334, -0.02082202397286892, 2.6482629776000977, 0.5664960741996765, 0.039225984364748, 0.039225984364748]
      t=271: [-0.2654869854450226, 0.2816067636013031, 0.028298333287239075, -2.362504243850708, -0.02082095853984356, 2.6483423709869385, 0.5664985775947571, 0.039225984364748, 0.039225984364748]
      t=272: [-0.2654856741428375, 0.2816086709499359, 0.028298716992139816, -2.3625049591064453, -0.02082214318215847, 2.64840030670166, 0.5665016770362854, 0.053193941712379456, 0.053193941712379456]
      t=273: [-0.2654891610145569, 0.2816087007522583, 0.02829836681485176, -2.36250376701355, -0.020818574354052544, 2.6484506130218506, 0.566495954990387, 0.053193941712379456, 0.053193941712379456]
      t=274: [-0.2654919922351837, 0.281608909368515, 0.02829587273299694, -2.3625051975250244, -0.020822497084736824, 2.648484706878662, 0.5664981603622437, 0.053193941712379456, 0.053193941712379456]
      t=275: [-0.26548799872398376, 0.2816081941127777, 0.02829587273299694, -2.3625049591064453, -0.020819533616304398, 2.648513078689575, 0.5664961338043213, 0.07293596863746643, 0.07293596863746643]
      t=276: [-0.2654900550842285, 0.28161075711250305, 0.028294643387198448, -2.362504243850708, -0.020822932943701744, 2.6485493183135986, 0.5665061473846436, 0.07293596863746643, 0.07293596863746643]
      t=277: [-0.26548701524734497, 0.2815714478492737, 0.028299560770392418, -2.362496852874756, -0.020818747580051422, 2.649043321609497, 0.5665228962898254, 0.07293596863746643, 0.07293596863746643]
      t=278: [-0.2654918134212494, 0.2811206579208374, 0.02829824388027191, -2.3624656200408936, -0.020819202065467834, 2.6498031616210938, 0.5667839646339417, 0.07293596863746643, 0.07293596863746643]
      t=279: [-0.26549428701400757, 0.27906113862991333, 0.028295375406742096, -2.3623275756835938, -0.02081598900258541, 2.6505024433135986, 0.5680530071258545, 0.0783153772354126, 0.0783153772354126]
      t=280: [-0.2654978036880493, 0.27322542667388916, 0.02829648368060589, -2.3622443675994873, -0.02081521786749363, 2.6507160663604736, 0.5712772011756897, 0.0783153772354126, 0.0783153772354126]
      t=281: [-0.26549068093299866, 0.264731228351593, 0.028298018500208855, -2.3622491359710693, -0.020808298140764236, 2.650643825531006, 0.5751310586929321, 0.0783153772354126, 0.0783153772354126]
      t=282: [-0.26536479592323303, 0.2534206509590149, 0.028302602469921112, -2.3623015880584717, -0.020807908847928047, 2.6487882137298584, 0.5797727704048157, 0.0783153772354126, 0.0783153772354126]
      t=283: [-0.26454293727874756, 0.239765927195549, 0.02834189496934414, -2.3630502223968506, -0.020806610584259033, 2.6435225009918213, 0.5846316814422607, 0.07919728010892868, 0.07919728010892868]
      t=284: [-0.26284143328666687, 0.22457082569599152, 0.028524940833449364, -2.36468243598938, -0.020804250612854958, 2.6341495513916016, 0.5893204808235168, 0.07919728010892868, 0.07919728010892868]
      t=285: [-0.2601121962070465, 0.2058699131011963, 0.02886332757771015, -2.366929054260254, -0.020802874118089676, 2.6188929080963135, 0.594582200050354, 0.07932336628437042, 0.07932336628437042]
      t=286: [-0.25639182329177856, 0.18185876309871674, 0.029563745483756065, -2.3695685863494873, -0.020801709964871407, 2.596799612045288, 0.601975679397583, 0.07932336628437042, 0.07932336628437042]
      t=287: [-0.2534538507461548, 0.15959709882736206, 0.030399786308407784, -2.3711071014404297, -0.02080279029905796, 2.575004816055298, 0.608858048915863, 0.07932336628437042, 0.07932336628437042]
      t=288: [-0.2497888058423996, 0.13547798991203308, 0.030776722356677055, -2.3720223903656006, -0.020802967250347137, 2.55039119720459, 0.6158101558685303, 0.07932336628437042, 0.07932336628437042]
      t=289: [-0.24541017413139343, 0.11013203859329224, 0.030919991433620453, -2.372622013092041, -0.0208006389439106, 2.524463176727295, 0.6237635016441345, 0.07934306561946869, 0.07934306561946869]
      t=290: [-0.2412753403186798, 0.08630036562681198, 0.03140326589345932, -2.3731467723846436, -0.020793961361050606, 2.499166965484619, 0.6311938762664795, 0.07934306561946869, 0.07934306561946869]
      t=291: [-0.23661257326602936, 0.06128207594156265, 0.031908243894577026, -2.3738319873809814, -0.020791642367839813, 2.471909523010254, 0.6384975910186768, 0.07934306561946869, 0.07934306561946869]
      t=292: [-0.23075242340564728, 0.03511478379368782, 0.032244883477687836, -2.3746750354766846, -0.02079089917242527, 2.442790985107422, 0.6463506817817688, 0.07934306561946869, 0.07934306561946869]

  [observations/ee_pose]
    shape=(293, 8), dtype=float32
    min=-0.470653, max=0.923667, mean=0.162411, std=0.371624
    head(293)=
      t=0: [0.3012838363647461, 0.002113026799634099, 0.40146517753601074, 0.9094775319099426, -0.4154437482357025, -0.004249440506100655, 0.015459359623491764, 0.07935291528701782]
      t=1: [0.3012843132019043, 0.0021136444993317127, 0.40146559476852417, 0.909476637840271, -0.4154457449913025, -0.004248628858476877, 0.015461504459381104, 0.07935291528701782]
      t=2: [0.3012847602367401, 0.0021137683652341366, 0.40146520733833313, 0.9094766974449158, -0.415445476770401, -0.004247291013598442, 0.015463513322174549, 0.07935291528701782]
      t=3: [0.301285058259964, 0.0021126095671206713, 0.4014662504196167, 0.9094741940498352, -0.4154510796070099, -0.004246086347848177, 0.015462932176887989, 0.07935291528701782]
      t=4: [0.301284521818161, 0.0021126186475157738, 0.40146559476852417, 0.9094747304916382, -0.4154498279094696, -0.004245885647833347, 0.01546325534582138, 0.07935225963592529]
      t=5: [0.3012843132019043, 0.002112802118062973, 0.40146440267562866, 0.9094728231430054, -0.4154539704322815, -0.004248926881700754, 0.01546330563724041, 0.07935225963592529]
      t=6: [0.30128899216651917, 0.002113942988216877, 0.4014543294906616, 0.9094740748405457, -0.4154510796070099, -0.004254617262631655, 0.015468142926692963, 0.07935225963592529]
      t=7: [0.3013876974582672, 0.0021209665574133396, 0.40128201246261597, 0.9094803333282471, -0.4154365062713623, -0.004280139226466417, 0.015481977723538876, 0.07935225963592529]
      t=8: [0.30162250995635986, 0.002138881478458643, 0.4006730318069458, 0.9094936847686768, -0.4154002368450165, -0.004526891745626926, 0.015599098987877369, 0.07935225963592529]
      t=9: [0.3021751046180725, 0.0022339713759720325, 0.3995109796524048, 0.9095550179481506, -0.41524943709373474, -0.004986266139894724, 0.01589542254805565, 0.07935225963592529]
      t=10: [0.3032799959182739, 0.002368923742324114, 0.39744070172309875, 0.9096428155899048, -0.4150274097919464, -0.005823680665344, 0.01637924648821354, 0.07935225963592529]
      t=11: [0.3043634295463562, 0.0025115967728197575, 0.3955059051513672, 0.9097335934638977, -0.41479790210723877, -0.00660118879750371, 0.016848459839820862, 0.07935225963592529]
      t=12: [0.305928111076355, 0.0027095081750303507, 0.39300423860549927, 0.9098637104034424, -0.41448327898979187, -0.007267223205417395, 0.017285769805312157, 0.07935225963592529]
      t=13: [0.3074093759059906, 0.0028984644450247288, 0.3906696140766144, 0.9099887013435364, -0.4141838550567627, -0.007806565146893263, 0.01764630153775215, 0.07935291528701782]
      t=14: [0.30942294001579285, 0.0032004828099161386, 0.38766029477119446, 0.9102011919021606, -0.4136980175971985, -0.008228586986660957, 0.017887862399220467, 0.07935291528701782]
      t=15: [0.3110906779766083, 0.003552350914105773, 0.385294646024704, 0.9104464054107666, -0.41315364837646484, -0.008297505788505077, 0.017960043624043465, 0.07935291528701782]
      t=16: [0.3133285939693451, 0.004259629175066948, 0.38221338391304016, 0.9109254479408264, -0.4121028482913971, -0.008018981665372849, 0.01793718710541725, 0.07935291528701782]
      t=17: [0.3151721656322479, 0.00501490430906415, 0.37983497977256775, 0.9114303588867188, -0.4110042452812195, -0.007361804135143757, 0.01777585595846176, 0.07935291528701782]
      t=18: [0.31709811091423035, 0.005963228642940521, 0.3772805333137512, 0.9120528697967529, -0.40964001417160034, -0.006662643514573574, 0.017613941803574562, 0.07935291528701782]
      t=19: [0.3193858861923218, 0.007383168209344149, 0.37436723709106445, 0.9129766821861267, -0.4076135456562042, -0.005437664687633514, 0.01718279905617237, 0.07935291528701782]
      t=20: [0.3216724693775177, 0.008980898186564445, 0.3712901175022125, 0.9140020608901978, -0.40534281730651855, -0.004354150500148535, 0.016687847673892975, 0.07935291528701782]
      t=21: [0.3236350417137146, 0.010222385637462139, 0.36862602829933167, 0.9147872924804688, -0.4035972058773041, -0.00331960734911263, 0.016201861202716827, 0.07935291528701782]
      t=22: [0.32601648569107056, 0.011458407156169415, 0.3653157353401184, 0.915557324886322, -0.40188106894493103, -0.0020583888981491327, 0.015561416745185852, 0.07935225963592529]
      t=23: [0.3281632661819458, 0.012701698578894138, 0.3622545897960663, 0.9163243174552917, -0.4001588523387909, -0.0008782459772191942, 0.01489702332764864, 0.07935225963592529]
      t=24: [0.33033081889152527, 0.014216350391507149, 0.35912367701530457, 0.9172402620315552, -0.39808377623558044, 0.0004539869260042906, 0.0141203124076128, 0.07935225963592529]
      t=25: [0.33236953616142273, 0.015622413717210293, 0.3560922145843506, 0.9180717468261719, -0.39618346095085144, 0.0017687559593468904, 0.01340800803154707, 0.07935225963592529]
      t=26: [0.33471590280532837, 0.017053591087460518, 0.35242030024528503, 0.9189015030860901, -0.3942720890045166, 0.0031974720768630505, 0.012622191570699215, 0.07935225963592529]
      t=27: [0.3366571068763733, 0.018395688384771347, 0.3493503928184509, 0.9196332097053528, -0.3925742506980896, 0.004540617112070322, 0.011815294623374939, 0.07935225963592529]
      t=28: [0.33882156014442444, 0.02018583193421364, 0.3457886278629303, 0.9203965067863464, -0.390788733959198, 0.006060992833226919, 0.010848868638277054, 0.07935225963592529]
      t=29: [0.3406693637371063, 0.02174185775220394, 0.34257835149765015, 0.920734703540802, -0.38999077677726746, 0.007338704075664282, 0.010045425035059452, 0.07935225963592529]
      t=30: [0.34259623289108276, 0.023664114996790886, 0.33902016282081604, 0.9210377931594849, -0.38926953077316284, 0.008637466467916965, 0.009167978540062904, 0.07935225963592529]
      t=31: [0.34422072768211365, 0.02572840265929699, 0.3358088433742523, 0.9213305711746216, -0.3885675072669983, 0.009757759049534798, 0.00836753286421299, 0.07935225963592529]
      t=32: [0.3458732068538666, 0.02792610041797161, 0.332579106092453, 0.9213342070579529, -0.3885415494441986, 0.01100959163159132, 0.007585264276713133, 0.07935225963592529]
      t=33: [0.3475583493709564, 0.030557775869965553, 0.32928553223609924, 0.9208868741989136, -0.38957786560058594, 0.012371090240776539, 0.0065858084708452225, 0.07935225963592529]
      t=34: [0.3494172692298889, 0.03354380652308464, 0.3262893557548523, 0.9200942516326904, -0.3914140462875366, 0.013812802731990814, 0.005550037603825331, 0.07935225963592529]
      t=35: [0.3510836064815521, 0.03650433197617531, 0.323952317237854, 0.9191789627075195, -0.3935339152812958, 0.01479090191423893, 0.004719913005828857, 0.07935225963592529]
      t=36: [0.3530017137527466, 0.04005928710103035, 0.32167693972587585, 0.9178727269172668, -0.39653298258781433, 0.016038160771131516, 0.0037514762952923775, 0.07935225963592529]
      t=37: [0.3549988269805908, 0.04392640292644501, 0.31975609064102173, 0.9166481494903564, -0.39932727813720703, 0.0168854221701622, 0.0029655236285179853, 0.07935225963592529]
      t=38: [0.3570425808429718, 0.04754128307104111, 0.3185703754425049, 0.9156500697135925, -0.40159299969673157, 0.017381368204951286, 0.002427769126370549, 0.07935225963592529]
      t=39: [0.35921087861061096, 0.0511791929602623, 0.3173767328262329, 0.9145379066467285, -0.404110312461853, 0.017638763412833214, 0.0020375773310661316, 0.07935291528701782]
      t=40: [0.3616965413093567, 0.05487001687288284, 0.3163755238056183, 0.9132717251777649, -0.4069536030292511, 0.017921941354870796, 0.0015109875239431858, 0.07935291528701782]
      t=41: [0.36406269669532776, 0.05841611698269844, 0.3150981366634369, 0.9119014143943787, -0.4100238084793091, 0.017742929980158806, 0.001218922552652657, 0.07935291528701782]
      t=42: [0.36713895201683044, 0.06251483410596848, 0.31366056203842163, 0.910417914390564, -0.4133196175098419, 0.017468873411417007, 0.000980258802883327, 0.07935291528701782]
      t=43: [0.3695565164089203, 0.0656011626124382, 0.3123496472835541, 0.909423828125, -0.4155269265174866, 0.016870709136128426, 0.001018600887618959, 0.07935291528701782]
      t=44: [0.3726460635662079, 0.0691170021891594, 0.31049537658691406, 0.9081623554229736, -0.418313205242157, 0.015928145498037338, 0.0012176729505881667, 0.07935291528701782]
      t=45: [0.3756014108657837, 0.0720868930220604, 0.3086176812648773, 0.9072414040565491, -0.420343816280365, 0.014887761324644089, 0.0015761598479002714, 0.07935291528701782]
      t=46: [0.37966087460517883, 0.07515475898981094, 0.30633118748664856, 0.9060457944869995, -0.4229574203491211, 0.013555566780269146, 0.002070724032819271, 0.07935291528701782]
      t=47: [0.38347309827804565, 0.07790463417768478, 0.3044988512992859, 0.9052114486694336, -0.4247693717479706, 0.012547283433377743, 0.002413407666608691, 0.07935291528701782]
      t=48: [0.3874611556529999, 0.08060093969106674, 0.30249491333961487, 0.9046564698219299, -0.42597734928131104, 0.011492372490465641, 0.00280778924934566, 0.07935291528701782]
      t=49: [0.39167192578315735, 0.08353794366121292, 0.3003362715244293, 0.9044680595397949, -0.4263988435268402, 0.010587450116872787, 0.0030807298608124256, 0.07935291528701782]
      t=50: [0.39650577306747437, 0.08708375692367554, 0.2977662682533264, 0.9046424627304077, -0.4260442554950714, 0.009925891645252705, 0.0031286070588976145, 0.07935291528701782]
      t=51: [0.4006815552711487, 0.09004426747560501, 0.2954992949962616, 0.9048112034797668, -0.4256911277770996, 0.009775560349225998, 0.002851078286767006, 0.07935291528701782]
      t=52: [0.4056784510612488, 0.09394153207540512, 0.29220858216285706, 0.9049666523933411, -0.42536795139312744, 0.00955808162689209, 0.0024726197589188814, 0.07935291528701782]
      t=53: [0.4093664288520813, 0.0967373177409172, 0.2892765700817108, 0.9048663377761841, -0.4255923628807068, 0.009062140248715878, 0.0024407741148024797, 0.07935291528701782]
      t=54: [0.4130168557167053, 0.0994279533624649, 0.28591614961624146, 0.9046009182929993, -0.42616674304008484, 0.008565395139157772, 0.002384831430390477, 0.07935291528701782]
      t=55: [0.4177364110946655, 0.1025228500366211, 0.2819649577140808, 0.9042795300483704, -0.42684903740882874, 0.008689372800290585, 0.0017165112076327205, 0.07935291528701782]
      t=56: [0.42148154973983765, 0.10456540435552597, 0.2790253460407257, 0.9040531516075134, -0.427323579788208, 0.009022548794746399, 0.0010182905243709683, 0.07935291528701782]
      t=57: [0.4257968068122864, 0.10662992298603058, 0.27568379044532776, 0.9037177562713623, -0.4280291497707367, 0.009229293093085289, 0.00037361372960731387, 0.07935291528701782]
      t=58: [0.4291083514690399, 0.10831408947706223, 0.2727811932563782, 0.9034168720245361, -0.4286707043647766, 0.008905341848731041, 0.0002631339884828776, 0.07935291528701782]
      t=59: [0.43228042125701904, 0.11034341901540756, 0.2698994576931, 0.9031804800033569, -0.42917948961257935, 0.008355999365448952, 0.0003518168523442, 0.07935291528701782]
      t=60: [0.4359647035598755, 0.11286264657974243, 0.2667098641395569, 0.9028978943824768, -0.4297834038734436, 0.0078438650816679, 0.0003643586242105812, 0.07935291528701782]
      t=61: [0.43897584080696106, 0.1147206500172615, 0.26421600580215454, 0.9025909304618835, -0.43043404817581177, 0.0074843233451247215, 0.0003416372637730092, 0.07935291528701782]
      t=62: [0.4429471790790558, 0.11672373861074448, 0.2615375518798828, 0.9022055268287659, -0.43124204874038696, 0.007449808996170759, -1.2341962246864568e-05, 0.07935291528701782]
      t=63: [0.4462551772594452, 0.11825228482484818, 0.25926390290260315, 0.9019181132316589, -0.43184155225753784, 0.007514463737607002, -0.0003838395932689309, 0.07935291528701782]
      t=64: [0.4493662416934967, 0.11986417323350906, 0.2571006417274475, 0.9017703533172607, -0.43214932084083557, 0.007529923226684332, -0.0006969663081690669, 0.07935291528701782]
      t=65: [0.45298469066619873, 0.12225440889596939, 0.25424695014953613, 0.9017935395240784, -0.43210434913635254, 0.007315787486732006, -0.0008841947419568896, 0.07935291528701782]
      t=66: [0.455578088760376, 0.12433519214391708, 0.2518657445907593, 0.9018939137458801, -0.43190115690231323, 0.006930090487003326, -0.0008407662971876562, 0.07935291528701782]
      t=67: [0.45844975113868713, 0.12665441632270813, 0.2494511902332306, 0.9018458127975464, -0.4320068359375, 0.006592005491256714, -0.0008726978558115661, 0.07935291528701782]
      t=68: [0.4615631401538849, 0.12870919704437256, 0.24687492847442627, 0.9012616872787476, -0.433229923248291, 0.006197404116392136, -0.0008778534247539937, 0.07935291528701782]
      t=69: [0.46435272693634033, 0.13028880953788757, 0.24519339203834534, 0.900551438331604, -0.434703528881073, 0.006215039640665054, -0.0011669752420857549, 0.07935291528701782]
      t=70: [0.4671979546546936, 0.13212130963802338, 0.2432357370853424, 0.8998257517814636, -0.43620502948760986, 0.006082461215555668, -0.0013408386148512363, 0.07935291528701782]
      t=71: [0.4700160622596741, 0.1342628002166748, 0.24151292443275452, 0.8993746042251587, -0.4371338188648224, 0.0060634920373559, -0.0015970687381923199, 0.07935291528701782]
      t=72: [0.47316160798072815, 0.13695186376571655, 0.23919224739074707, 0.8989870548248291, -0.4379337728023529, 0.005787511356174946, -0.001670763362199068, 0.07935291528701782]
      t=73: [0.47578126192092896, 0.13881199061870575, 0.2376105785369873, 0.8986915946006775, -0.4385391175746918, 0.005770435556769371, -0.0018979079322889447, 0.07935291528701782]
      t=74: [0.4789522588253021, 0.14046284556388855, 0.23564879596233368, 0.8982898592948914, -0.43936246633529663, 0.0056366282515227795, -0.002045762725174427, 0.07935225963592529]
      t=75: [0.4816552996635437, 0.1416260451078415, 0.23385410010814667, 0.8979138135910034, -0.4401330351829529, 0.005417891778051853, -0.0020720656029880047, 0.07935225963592529]
      t=76: [0.4841866195201874, 0.14262618124485016, 0.23196209967136383, 0.8975597023963928, -0.44085896015167236, 0.005092335399240255, -0.0019913793075829744, 0.07935225963592529]
      t=77: [0.4869355261325836, 0.14365363121032715, 0.2296818345785141, 0.8971837759017944, -0.4416295886039734, 0.004617923405021429, -0.0017997706308960915, 0.07935225963592529]
      t=78: [0.48948460817337036, 0.14448924362659454, 0.2280346006155014, 0.8968809843063354, -0.4422451853752136, 0.004494890570640564, -0.0018840348348021507, 0.07935291528701782]
      t=79: [0.4923969805240631, 0.14539436995983124, 0.22638055682182312, 0.8964701890945435, -0.44307631254196167, 0.004493725951761007, -0.002096680924296379, 0.07935291528701782]
      t=80: [0.49496790766716003, 0.14617504179477692, 0.22496142983436584, 0.896041989326477, -0.4439399540424347, 0.004543661139905453, -0.0023282102774828672, 0.07935291528701782]
      t=81: [0.4971694350242615, 0.14683398604393005, 0.22350789606571198, 0.8955934047698975, -0.4448454976081848, 0.004399527795612812, -0.002363446168601513, 0.07935291528701782]
      t=82: [0.49968424439430237, 0.14759178459644318, 0.22127798199653625, 0.8949843049049377, -0.4460758864879608, 0.0038755079731345177, -0.0020966327283531427, 0.07935291528701782]
      t=83: [0.5012210011482239, 0.14805451035499573, 0.219448059797287, 0.8945953845977783, -0.4468618333339691, 0.003279329976066947, -0.0016981062944978476, 0.07935291528701782]
      t=84: [0.5027973651885986, 0.14852944016456604, 0.21726709604263306, 0.8942362666130066, -0.4475870132446289, 0.0024712877348065376, -0.0011159025598317385, 0.07935225963592529]
      t=85: [0.5042509436607361, 0.14896556735038757, 0.21427370607852936, 0.8939127326011658, -0.44823965430259705, 0.001130497083067894, -6.603365181945264e-05, 0.07935225963592529]
      t=86: [0.5055029988288879, 0.14934198558330536, 0.21195432543754578, 0.8936874866485596, -0.44868946075439453, 0.0002613000979181379, 0.0005808625719510019, 0.07935225963592529]
      t=87: [0.506480872631073, 0.1496458798646927, 0.2094517946243286, 0.8935043215751648, -0.4490530788898468, -0.00045395223423838615, 0.0010754091199487448, 0.07935225963592529]
      t=88: [0.5073485374450684, 0.14991678297519684, 0.2072942852973938, 0.8933766484260559, -0.44930654764175415, -0.0007091040606610477, 0.0011493128258734941, 0.07935225963592529]
      t=89: [0.5081503987312317, 0.1501687616109848, 0.2051841914653778, 0.8932698369026184, -0.4495186507701874, -0.0008593034581281245, 0.0011263566557317972, 0.07935291528701782]
      t=90: [0.5085329413414001, 0.1503026932477951, 0.2027120441198349, 0.893194854259491, -0.4496665894985199, -0.0011698968010023236, 0.0012466006446629763, 0.07935291528701782]
      t=91: [0.5086365938186646, 0.15035541355609894, 0.20040097832679749, 0.8931393623352051, -0.44977596402168274, -0.0014034034684300423, 0.0013070208951830864, 0.07935291528701782]
      t=92: [0.5086802244186401, 0.15039533376693726, 0.1976301372051239, 0.8930816650390625, -0.44988948106765747, -0.0016517926706001163, 0.0013519719941541553, 0.07935291528701782]
      t=93: [0.5086776614189148, 0.15041758120059967, 0.195611372590065, 0.8930434584617615, -0.4499649405479431, -0.0017804844537749887, 0.0013338777935132384, 0.07935291528701782]
      t=94: [0.5086591243743896, 0.15043681859970093, 0.19324849545955658, 0.8930128812789917, -0.45002418756484985, -0.002051319694146514, 0.0014310571132227778, 0.07935291528701782]
      t=95: [0.5087026357650757, 0.15047137439250946, 0.1914547234773636, 0.8929958343505859, -0.4500581622123718, -0.0020815639290958643, 0.0013312355149537325, 0.07935291528701782]
      t=96: [0.5090144872665405, 0.15058791637420654, 0.18987375497817993, 0.8929778337478638, -0.45009854435920715, -0.0012883782619610429, 0.0004358970036264509, 0.07935291528701782]
      t=97: [0.5094532370567322, 0.15073826909065247, 0.18882469832897186, 0.8929663300514221, -0.45012280344963074, -0.00019279668049421161, -0.0007189799216575921, 0.07935291528701782]
      t=98: [0.5098723769187927, 0.1508825570344925, 0.1877657026052475, 0.8929517269134521, -0.45014679431915283, 0.0010287213372066617, -0.0019970443099737167, 0.07935291528701782]
      t=99: [0.510271430015564, 0.15102490782737732, 0.18644307553768158, 0.8929325342178345, -0.4501723051071167, 0.002288292394950986, -0.0033320386428385973, 0.07935291528701782]
      t=100: [0.5106229186058044, 0.1511550098657608, 0.18475832045078278, 0.8929159045219421, -0.45019325613975525, 0.00306829740293324, -0.004222220741212368, 0.07935291528701782]
      t=101: [0.5109571218490601, 0.15126660466194153, 0.1833118498325348, 0.8928982615470886, -0.4502190351486206, 0.003543237689882517, -0.004795279819518328, 0.07935291528701782]
      t=102: [0.5116409063339233, 0.1514720469713211, 0.18202410638332367, 0.8928700685501099, -0.45025524497032166, 0.0044512259773910046, -0.005785224959254265, 0.07935291528701782]
      t=103: [0.5122568607330322, 0.15165814757347107, 0.18121488392353058, 0.8928475975990295, -0.4502784311771393, 0.0052908919751644135, -0.006674793548882008, 0.07935291528701782]
      t=104: [0.5128760933876038, 0.15184734761714935, 0.18006309866905212, 0.8928214311599731, -0.4503074586391449, 0.006051909644156694, -0.007511741481721401, 0.07935225963592529]
      t=105: [0.5132750272750854, 0.15196345746517181, 0.17917431890964508, 0.8928024768829346, -0.4503338634967804, 0.006379412952810526, -0.007900848053395748, 0.07935225963592529]
      t=106: [0.5137313008308411, 0.152065709233284, 0.1783432513475418, 0.8927698731422424, -0.4503895342350006, 0.006629148498177528, -0.00820439774543047, 0.07935225963592529]
      t=107: [0.5143137574195862, 0.15195782482624054, 0.17725995182991028, 0.8926399946212769, -0.45064154267311096, 0.006794565822929144, -0.00836088228970766, 0.07935225963592529]
      t=108: [0.5147318840026855, 0.15151402354240417, 0.17640523612499237, 0.8923900127410889, -0.45113807916641235, 0.006818258203566074, -0.008247947320342064, 0.07935225963592529]
      t=109: [0.5151463150978088, 0.1507866382598877, 0.17583663761615753, 0.8920596241950989, -0.45179298520088196, 0.006904597394168377, -0.0080649359151721, 0.07935225963592529]
      t=110: [0.5155771374702454, 0.149727925658226, 0.1752256602048874, 0.8916124701499939, -0.4526800513267517, 0.006948947906494141, -0.007727069314569235, 0.07935225963592529]
      t=111: [0.5157999396324158, 0.1487976461648941, 0.1746080219745636, 0.8912386894226074, -0.45342448353767395, 0.006819362286478281, -0.007300537545233965, 0.07935291528701782]
      t=112: [0.5159081816673279, 0.14773882925510406, 0.1737358570098877, 0.8908311724662781, -0.45423948764801025, 0.0064965044148266315, -0.006638765335083008, 0.07935291528701782]
      t=113: [0.5159196853637695, 0.1471061408519745, 0.17307493090629578, 0.890597403049469, -0.4547085762023926, 0.0062166545540094376, -0.006142964120954275, 0.07935291528701782]
      t=114: [0.5158708691596985, 0.14671111106872559, 0.17241062223911285, 0.8904572129249573, -0.45499294996261597, 0.005896592512726784, -0.005704544950276613, 0.07935291528701782]
      t=115: [0.5158470869064331, 0.14661505818367004, 0.17197135090827942, 0.8904238343238831, -0.4550635516643524, 0.005693878512829542, -0.005486568436026573, 0.07935225963592529]
      t=116: [0.5158506631851196, 0.14659470319747925, 0.17173536121845245, 0.8904150128364563, -0.4550829827785492, 0.005602875724434853, -0.005399939138442278, 0.07935225963592529]
      t=117: [0.5158810615539551, 0.14659807085990906, 0.1716785579919815, 0.8904104828834534, -0.455091655254364, 0.005611529108136892, -0.0054083773866295815, 0.07935225963592529]
      t=118: [0.5159242153167725, 0.14659765362739563, 0.17167146503925323, 0.8904022574424744, -0.4551070034503937, 0.005646533332765102, -0.0054368856362998486, 0.07935225963592529]
      t=119: [0.5159361958503723, 0.14659710228443146, 0.17163963615894318, 0.8903999924659729, -0.4551115036010742, 0.005644915159791708, -0.005437199026346207, 0.07935225963592529]
      t=120: [0.5159144997596741, 0.14658939838409424, 0.1715417504310608, 0.8903990983963013, -0.4551146328449249, 0.005584621801972389, -0.005381835158914328, 0.07935225963592529]
      t=121: [0.5158725380897522, 0.14657719433307648, 0.17138822376728058, 0.890397310256958, -0.4551204741001129, 0.005480814725160599, -0.005290781147778034, 0.07935225963592529]
      t=122: [0.5157838463783264, 0.14655765891075134, 0.17108392715454102, 0.8904004693031311, -0.4551187753677368, 0.005272281356155872, -0.005105386488139629, 0.07935225963592529]
      t=123: [0.5157045722007751, 0.14653728902339935, 0.17080965638160706, 0.8904005885124207, -0.45512259006500244, 0.005082117859274149, -0.004936269950121641, 0.07935225963592529]
      t=124: [0.5156418085098267, 0.1465177983045578, 0.17058809101581573, 0.8903986811637878, -0.4551295340061188, 0.004929753020405769, -0.004800006281584501, 0.07935225963592529]
      t=125: [0.5155913233757019, 0.14650288224220276, 0.17041996121406555, 0.890397846698761, -0.45513346791267395, 0.004811940714716911, -0.0046952939592301846, 0.07935225963592529]
      t=126: [0.5155462026596069, 0.14649412035942078, 0.17026370763778687, 0.8903984427452087, -0.4551343619823456, 0.00470372149720788, -0.004601071123033762, 0.07935225963592529]
      t=127: [0.5155094861984253, 0.14648331701755524, 0.17013445496559143, 0.8903999924659729, -0.4551330804824829, 0.004615333396941423, -0.004520741757005453, 0.07935225963592529]
      t=128: [0.5154798626899719, 0.1464737206697464, 0.1700156331062317, 0.8903965950012207, -0.4551411271095276, 0.004541425965726376, -0.0044559454545378685, 0.07935225963592529]
      t=129: [0.5155493021011353, 0.14648553729057312, 0.1701040118932724, 0.8903936147689819, -0.4551454186439514, 0.004623877815902233, -0.00452934205532074, 0.052475545555353165]
      t=130: [0.515605092048645, 0.14650431275367737, 0.17008280754089355, 0.8903937935829163, -0.4551447033882141, 0.004638087935745716, -0.004543307237327099, 0.052475545555353165]
      t=131: [0.5155980587005615, 0.14650727808475494, 0.17005467414855957, 0.8903957009315491, -0.4551413059234619, 0.004619820509105921, -0.004528384190052748, 0.038574568927288055]
      t=132: [0.5155994296073914, 0.14650993049144745, 0.1700555980205536, 0.8903959393501282, -0.4551407992839813, 0.004621116444468498, -0.00453024310991168, 0.038574568927288055]
      t=133: [0.5156107544898987, 0.1465090811252594, 0.17006418108940125, 0.8903933763504028, -0.4551457464694977, 0.004630680661648512, -0.004537899047136307, 0.038574568927288055]
      t=134: [0.5156911015510559, 0.14653544127941132, 0.1701320856809616, 0.8903949856758118, -0.45514097809791565, 0.004709615837782621, -0.00461170356720686, 0.038574568927288055]
      t=135: [0.5160418152809143, 0.1466391235589981, 0.17047758400440216, 0.8903915286064148, -0.4551379978656769, 0.005179590545594692, -0.00505018699914217, 0.038574568927288055]
      t=136: [0.5167686343193054, 0.14690373837947845, 0.17157557606697083, 0.8904054164886475, -0.4550837278366089, 0.006311328150331974, -0.006092513911426067, 0.03873151168227196]
      t=137: [0.5176085233688354, 0.14736591279506683, 0.1732524037361145, 0.8904800415039062, -0.45489510893821716, 0.007766014896333218, -0.007447582669556141, 0.03873151168227196]
      t=138: [0.5185790061950684, 0.1478576511144638, 0.17530453205108643, 0.8905422687530518, -0.4547145962715149, 0.009409469552338123, -0.00897726509720087, 0.03873151168227196]
      t=139: [0.5198588967323303, 0.14827434718608856, 0.17833676934242249, 0.8905290961265564, -0.45464152097702026, 0.011699059046804905, -0.01105175819247961, 0.03873151168227196]
      t=140: [0.5207934975624084, 0.14850972592830658, 0.1810292750597, 0.8904858231544495, -0.45462989807128906, 0.013585352338850498, -0.01273156888782978, 0.03873151168227196]
      t=141: [0.5213810801506042, 0.14865142107009888, 0.18344777822494507, 0.8904580473899841, -0.4546184539794922, 0.014761851169168949, -0.013735071755945683, 0.038738735020160675]
      t=142: [0.5218287706375122, 0.1487439125776291, 0.18600447475910187, 0.8904326558113098, -0.4546193480491638, 0.01560300588607788, -0.01440468430519104, 0.038738735020160675]
      t=143: [0.5223519802093506, 0.1488013118505478, 0.1892223060131073, 0.8903846144676208, -0.4546583294868469, 0.016517475247383118, -0.015106428414583206, 0.038738735020160675]
      t=144: [0.5230256915092468, 0.14878572523593903, 0.1939530223608017, 0.8902932405471802, -0.45477381348609924, 0.01755082979798317, -0.01583273708820343, 0.03874333202838898]
      t=145: [0.523411214351654, 0.1487589329481125, 0.19840532541275024, 0.8902544379234314, -0.4548420011997223, 0.017782658338546753, -0.01579856500029564, 0.03874333202838898]
      t=146: [0.523655354976654, 0.14868538081645966, 0.20358070731163025, 0.8902302980422974, -0.4549206793308258, 0.01748674549162388, -0.015210847370326519, 0.03874333202838898]
      t=147: [0.5238397121429443, 0.1485830694437027, 0.20999659597873688, 0.8902065753936768, -0.4550115764141083, 0.017019815742969513, -0.01438863668590784, 0.038743991404771805]
      t=148: [0.5239740610122681, 0.14848144352436066, 0.21594446897506714, 0.8901830315589905, -0.455086886882782, 0.01674354448914528, -0.013776473701000214, 0.038743991404771805]
      t=149: [0.5240011215209961, 0.1483481228351593, 0.222258061170578, 0.89015793800354, -0.4551716446876526, 0.01635786145925522, -0.013039511628448963, 0.038743991404771805]
      t=150: [0.5238852500915527, 0.14807170629501343, 0.23029915988445282, 0.8900994062423706, -0.4553385078907013, 0.01571587659418583, -0.011953184381127357, 0.038743991404771805]
      t=151: [0.5236617922782898, 0.14762771129608154, 0.2370641827583313, 0.8899837136268616, -0.4556161165237427, 0.015021179802715778, -0.010831781663000584, 0.03896003216505051]
      t=152: [0.5233011841773987, 0.14715537428855896, 0.24330568313598633, 0.8898674249649048, -0.4558999240398407, 0.014126130379736423, -0.009573421441018581, 0.03896003216505051]
      t=153: [0.5227490663528442, 0.1466141939163208, 0.2503229081630707, 0.8897472023963928, -0.45619678497314453, 0.013014993630349636, -0.008062216453254223, 0.03896003216505051]
      t=154: [0.5222596526145935, 0.14622415602207184, 0.2564246952533722, 0.8896625638008118, -0.4563942551612854, 0.012416270561516285, -0.007119032088667154, 0.03896003216505051]
      t=155: [0.5217251777648926, 0.14587567746639252, 0.2618257701396942, 0.8895936012268066, -0.45655885338783264, 0.011786303482949734, -0.006192903500050306, 0.03896003216505051]
      t=156: [0.5210057497024536, 0.1454176902770996, 0.2678445875644684, 0.8895028233528137, -0.4567718207836151, 0.010919518768787384, -0.0050047910772264, 0.03914390131831169]
      t=157: [0.5203778743743896, 0.14499807357788086, 0.2720744013786316, 0.8894143104553223, -0.4569750726222992, 0.010036284103989601, -0.003901637392118573, 0.03914390131831169]
      t=158: [0.5196812748908997, 0.14447906613349915, 0.2756013870239258, 0.8892948031425476, -0.45724424719810486, 0.008749228902161121, -0.0024356902576982975, 0.03914390131831169]
      t=159: [0.5188727974891663, 0.14360645413398743, 0.27981698513031006, 0.8890382051467896, -0.45777544379234314, 0.007226407993584871, -0.0006839481648057699, 0.039241086691617966]
      t=160: [0.5184317231178284, 0.1424642950296402, 0.28326281905174255, 0.888620138168335, -0.4585990011692047, 0.006408283021301031, 0.000370628695236519, 0.039241086691617966]
      t=161: [0.518302857875824, 0.1406896859407425, 0.2869245409965515, 0.8879022002220154, -0.4599896967411041, 0.006192508153617382, 0.0008818460046313703, 0.039241086691617966]
      t=162: [0.5184763073921204, 0.1381894052028656, 0.2907099425792694, 0.8868386745452881, -0.4620331823825836, 0.006454013288021088, 0.0009196664323098958, 0.039241086691617966]
      t=163: [0.5188016891479492, 0.13504889607429504, 0.29432213306427, 0.8854870200157166, -0.4646143615245819, 0.006732467096298933, 0.0009567602537572384, 0.039241086691617966]
      t=164: [0.5191844701766968, 0.13173387944698334, 0.297344833612442, 0.8840610980987549, -0.4673193693161011, 0.006886402610689402, 0.0010770258959382772, 0.039240431040525436]
      t=165: [0.5196703672409058, 0.12774613499641418, 0.29974958300590515, 0.8827807307243347, -0.46973565220832825, 0.006654171273112297, 0.0015055752592161298, 0.039240431040525436]
      t=166: [0.5201063752174377, 0.12431739270687103, 0.30133751034736633, 0.8822934031486511, -0.4706527888774872, 0.006356438621878624, 0.0019615539349615574, 0.039240431040525436]
      t=167: [0.5206935405731201, 0.12041570991277695, 0.3023588955402374, 0.8823665976524353, -0.47051891684532166, 0.005924527999013662, 0.0024668911937624216, 0.039240431040525436]
      t=168: [0.5214072465896606, 0.11594445258378983, 0.30269625782966614, 0.8828482031822205, -0.469618558883667, 0.00520893931388855, 0.0032096486538648605, 0.039241086691617966]
      t=169: [0.5222974419593811, 0.11079870164394379, 0.3026461601257324, 0.8835514187812805, -0.4682961106300354, 0.004498996771872044, 0.003924066200852394, 0.039241086691617966]
      t=170: [0.5234215259552002, 0.10433060675859451, 0.3024872839450836, 0.8847925066947937, -0.4659470319747925, 0.003759019309654832, 0.004637689795345068, 0.039241086691617966]
      t=171: [0.5246129631996155, 0.09714403748512268, 0.30234333872795105, 0.8863862156867981, -0.46290522813796997, 0.0030903848819434643, 0.0053507303819060326, 0.039241086691617966]
      t=172: [0.5255798697471619, 0.09101991355419159, 0.30223801732063293, 0.8875998854637146, -0.46057096123695374, 0.0026038377545773983, 0.005839770194143057, 0.039241742342710495]
      t=173: [0.526668906211853, 0.08364582806825638, 0.3021296262741089, 0.88886958360672, -0.45811206102371216, 0.0020674802362918854, 0.006317665334790945, 0.039241742342710495]
      t=174: [0.5276447534561157, 0.07639341801404953, 0.3020206391811371, 0.8901634216308594, -0.45558881759643555, 0.001591934124007821, 0.006734490394592285, 0.039241742342710495]
      t=175: [0.5284075140953064, 0.06941591948270798, 0.30181533098220825, 0.8917733430862427, -0.4524247646331787, 0.001042418647557497, 0.007146960590034723, 0.039241742342710495]
      t=176: [0.5289596319198608, 0.0624382421374321, 0.30146369338035583, 0.893437385559082, -0.4491225779056549, 0.0003365472366567701, 0.0076444558799266815, 0.03923977166414261]
      t=177: [0.529431164264679, 0.05381733179092407, 0.3009195923805237, 0.8952422142028809, -0.4455034136772156, -0.0006142721977084875, 0.008230442181229591, 0.03923977166414261]
      t=178: [0.5297459363937378, 0.046597257256507874, 0.3004941940307617, 0.8966693878173828, -0.4426141381263733, -0.0013348665088415146, 0.008654134348034859, 0.03923977166414261]
      t=179: [0.5300313830375671, 0.03939628228545189, 0.30014657974243164, 0.8982593417167664, -0.43937012553215027, -0.0019441385520622134, 0.008961762301623821, 0.039241086691617966]
      t=180: [0.5303343534469604, 0.03232467919588089, 0.29994523525238037, 0.8999717235565186, -0.4358461797237396, -0.002360602142289281, 0.009133636020123959, 0.039241086691617966]
      t=181: [0.530614972114563, 0.026108402758836746, 0.299875944852829, 0.9015329480171204, -0.43260541558265686, -0.00260082702152431, 0.009173591621220112, 0.039241086691617966]
      t=182: [0.5309134721755981, 0.018365666270256042, 0.29985055327415466, 0.9034489393234253, -0.42858806252479553, -0.0028294946532696486, 0.009180763736367226, 0.039241086691617966]
      t=183: [0.5310633778572083, 0.01286796759814024, 0.2998392879962921, 0.9049431085586548, -0.42542344331741333, -0.0029817058239132166, 0.009166781790554523, 0.03923977166414261]
      t=184: [0.5311875939369202, 0.004953906871378422, 0.29983609914779663, 0.907014787197113, -0.42098766565322876, -0.0031764106824994087, 0.009138699620962143, 0.03923977166414261]
      t=185: [0.5311999917030334, -0.0012296014465391636, 0.2998282313346863, 0.9084840416908264, -0.4178069233894348, -0.0033321205992251635, 0.009110890328884125, 0.03923977166414261]
      t=186: [0.5310679078102112, -0.009121008217334747, 0.29977142810821533, 0.9099187850952148, -0.41467076539993286, -0.003582308068871498, 0.009120210073888302, 0.03923977166414261]
      t=187: [0.5307314991950989, -0.015322926454246044, 0.2995404303073883, 0.9107242226600647, -0.41289252042770386, -0.004015093203634024, 0.009221885353326797, 0.03923977166414261]
      t=188: [0.5301452875137329, -0.022012392058968544, 0.29912155866622925, 0.9113463163375854, -0.4115065932273865, -0.004656446631997824, 0.009407957084476948, 0.03923977166414261]
      t=189: [0.5291260480880737, -0.030477413907647133, 0.29839882254600525, 0.9121971726417542, -0.4095971882343292, -0.0057122246362268925, 0.009684647433459759, 0.03923977166414261]
      t=190: [0.5282962322235107, -0.036536406725645065, 0.2978712320327759, 0.9129225611686707, -0.40796181559562683, -0.006495680194348097, 0.009869714267551899, 0.03923977166414261]
      t=191: [0.5273289680480957, -0.042547233402729034, 0.2972618341445923, 0.9136328101158142, -0.4063485860824585, -0.007397233508527279, 0.010058381594717503, 0.039240431040525436]
      t=192: [0.5261569619178772, -0.04832525551319122, 0.29646357893943787, 0.9139019846916199, -0.40571510791778564, -0.00849213171750307, 0.010307828895747662, 0.039240431040525436]
      t=193: [0.5248208045959473, -0.053658660501241684, 0.2954985797405243, 0.913852334022522, -0.40579044818878174, -0.0097733149304986, 0.01060840766876936, 0.039240431040525436]
      t=194: [0.522916316986084, -0.059691768139600754, 0.29402872920036316, 0.9132394790649414, -0.40710631012916565, -0.011647370643913746, 0.011065288446843624, 0.039240431040525436]
      t=195: [0.5212327241897583, -0.0643705427646637, 0.29270312190055847, 0.9125579595565796, -0.4085691273212433, -0.013327938504517078, 0.011471398174762726, 0.039240431040525436]
      t=196: [0.5195688605308533, -0.0688437670469284, 0.29144755005836487, 0.9117622971534729, -0.4102746546268463, -0.014964158646762371, 0.011845885775983334, 0.039240431040525436]
      t=197: [0.5179740786552429, -0.07267805188894272, 0.29022088646888733, 0.9109641313552856, -0.41197293996810913, -0.016543611884117126, 0.012204572558403015, 0.039240431040525436]
      t=198: [0.5162729024887085, -0.07641730457544327, 0.28889894485473633, 0.9102214574813843, -0.41352978348731995, -0.01822214387357235, 0.012569488026201725, 0.039240431040525436]
      t=199: [0.5145125985145569, -0.08009438216686249, 0.2875349521636963, 0.9095966219902039, -0.4148118495941162, -0.019952090457081795, 0.012922506779432297, 0.03923977166414261]
      t=200: [0.513221025466919, -0.0829048901796341, 0.2865859866142273, 0.909200131893158, -0.4156129062175751, -0.021170681342482567, 0.013146397657692432, 0.03923977166414261]
      t=201: [0.5117509961128235, -0.08631016314029694, 0.28557267785072327, 0.9087638258934021, -0.4164905846118927, -0.022485043853521347, 0.013353412039577961, 0.03923977166414261]
      t=202: [0.510627031326294, -0.08899644017219543, 0.28483718633651733, 0.9085650444030762, -0.4168666899204254, -0.023454319685697556, 0.013476922176778316, 0.03923977166414261]
      t=203: [0.5093587040901184, -0.09224057197570801, 0.2840721607208252, 0.908381462097168, -0.4172045886516571, -0.024479396641254425, 0.013573376461863518, 0.03923977166414261]
      t=204: [0.5081499218940735, -0.09527656435966492, 0.28335660696029663, 0.9084181189537048, -0.4170648157596588, -0.02544429898262024, 0.013638594187796116, 0.03923977166414261]
      t=205: [0.506950318813324, -0.09852010756731033, 0.2826947569847107, 0.9083045125007629, -0.4172554612159729, -0.026341058313846588, 0.013674410060048103, 0.03923977166414261]
      t=206: [0.5057348012924194, -0.10169881582260132, 0.2820110023021698, 0.9082715511322021, -0.41726750135421753, -0.02725665271282196, 0.013699615374207497, 0.039241742342710495]
      t=207: [0.5044685006141663, -0.10480453073978424, 0.28117358684539795, 0.9083620309829712, -0.41699761152267456, -0.028330421075224876, 0.013742000795900822, 0.039241742342710495]
      t=208: [0.5031352639198303, -0.10773416608572006, 0.2801302373409271, 0.9084486961364746, -0.41672858595848083, -0.029462214559316635, 0.013793439604341984, 0.039241742342710495]
      t=209: [0.5020138621330261, -0.11046998202800751, 0.279109388589859, 0.9085475206375122, -0.4164483845233917, -0.030364330857992172, 0.013787951320409775, 0.03923977166414261]
      t=210: [0.5008401274681091, -0.11360035836696625, 0.2776595950126648, 0.9087055921554565, -0.41604241728782654, -0.03120816871523857, 0.013743462041020393, 0.03923977166414261]
      t=211: [0.5001281499862671, -0.1159716546535492, 0.2763843834400177, 0.9086229205131531, -0.4162117838859558, -0.031413983553647995, 0.013610782101750374, 0.03923977166414261]
      t=212: [0.4996625483036041, -0.11814234405755997, 0.2747599482536316, 0.9085463881492615, -0.4163983166217804, -0.031237049028277397, 0.013421044684946537, 0.039240431040525436]
      t=213: [0.49953851103782654, -0.11976822465658188, 0.2726362645626068, 0.9085738658905029, -0.41636544466018677, -0.030952544882893562, 0.013238194398581982, 0.039240431040525436]
      t=214: [0.4996625483036041, -0.12116019427776337, 0.26974695920944214, 0.9087828397750854, -0.41596946120262146, -0.03026016429066658, 0.012942048721015453, 0.039240431040525436]
      t=215: [0.5000503659248352, -0.12242612987756729, 0.2670768201351166, 0.9089699983596802, -0.415691077709198, -0.028622189536690712, 0.012459766119718552, 0.039240431040525436]
      t=216: [0.5006874203681946, -0.12386851757764816, 0.26407501101493835, 0.9090985059738159, -0.41560372710227966, -0.025979842990636826, 0.011769567616283894, 0.03924305737018585]
      t=217: [0.50142502784729, -0.12515906989574432, 0.26123011112213135, 0.9091947078704834, -0.41559505462646484, -0.022897915914654732, 0.01101816724985838, 0.03924305737018585]
      t=218: [0.5020982027053833, -0.12613822519779205, 0.25889602303504944, 0.909236490726471, -0.4156668186187744, -0.020070882514119148, 0.010357947088778019, 0.03924305737018585]
      t=219: [0.5027762055397034, -0.12701022624969482, 0.2565133273601532, 0.9092955589294434, -0.41568002104759216, -0.017246657982468605, 0.009711509570479393, 0.03924305737018585]
      t=220: [0.5035488605499268, -0.12798190116882324, 0.2538614273071289, 0.9095044732093811, -0.41536378860473633, -0.013940120115876198, 0.008957983925938606, 0.03923977166414261]
      t=221: [0.504031240940094, -0.1286677122116089, 0.25183114409446716, 0.9097898602485657, -0.41481491923332214, -0.01180448941886425, 0.008463606238365173, 0.03923977166414261]
      t=222: [0.5043883323669434, -0.12942445278167725, 0.2497795969247818, 0.9101116061210632, -0.4141633212566376, -0.010043978691101074, 0.008046173490583897, 0.03923977166414261]
      t=223: [0.5046079158782959, -0.13067582249641418, 0.24751855432987213, 0.9102888703346252, -0.413822740316391, -0.008186638355255127, 0.0076058595441281796, 0.03923977166414261]
      t=224: [0.5046253204345703, -0.13180804252624512, 0.246067613363266, 0.9102664589881897, -0.41389596462249756, -0.007142429240047932, 0.007355273235589266, 0.039241086691617966]
      t=225: [0.5045658946037292, -0.13337484002113342, 0.24440479278564453, 0.9102429747581482, -0.41397085785865784, -0.005974162835627794, 0.007084128446877003, 0.039241086691617966]
      t=226: [0.504515528678894, -0.13480043411254883, 0.24257239699363708, 0.9107285141944885, -0.41291987895965576, -0.00490016071125865, 0.006838538218289614, 0.039241086691617966]
      t=227: [0.5043776631355286, -0.13597236573696136, 0.24081043899059296, 0.9114495515823364, -0.4113369584083557, -0.004177960567176342, 0.0066477591171860695, 0.039240431040525436]
      t=228: [0.5042031407356262, -0.13722336292266846, 0.23928727209568024, 0.9123067259788513, -0.40944138169288635, -0.0035002611111849546, 0.006472827401012182, 0.039240431040525436]
      t=229: [0.5040343403816223, -0.13840220868587494, 0.2378535270690918, 0.9130947589874268, -0.4076877236366272, -0.0029421828221529722, 0.006328126415610313, 0.039240431040525436]
      t=230: [0.5037874579429626, -0.13934002816677094, 0.23610693216323853, 0.9138533473014832, -0.40598493814468384, -0.002965252846479416, 0.0062819719314575195, 0.03923911601305008]
      t=231: [0.5035056471824646, -0.13970057666301727, 0.2345990538597107, 0.9145349264144897, -0.40444236993789673, -0.003496709279716015, 0.006329310592263937, 0.03923911601305008]
      t=232: [0.5031641125679016, -0.13964903354644775, 0.23289144039154053, 0.9153035879135132, -0.402690052986145, -0.004342878703027964, 0.006419730838388205, 0.03923911601305008]
      t=233: [0.5026772618293762, -0.1394679695367813, 0.23122085630893707, 0.9158051609992981, -0.4015313386917114, -0.0055139334872365, 0.006560796406120062, 0.03923911601305008]
      t=234: [0.5019093751907349, -0.13898076117038727, 0.2292724847793579, 0.9162904620170593, -0.40039587020874023, -0.007074051536619663, 0.006702540908008814, 0.03924305737018585]
      t=235: [0.5008591413497925, -0.1380968987941742, 0.22739945352077484, 0.9168132543563843, -0.3991655111312866, -0.008629685267806053, 0.006776593625545502, 0.03924305737018585]
      t=236: [0.4997756779193878, -0.13678531348705292, 0.22584885358810425, 0.9173951745033264, -0.3978050947189331, -0.009619710966944695, 0.006683369632810354, 0.03924305737018585]
      t=237: [0.4987437427043915, -0.13493600487709045, 0.2242564558982849, 0.9181514978408813, -0.3960515260696411, -0.010010592639446259, 0.0063848975114524364, 0.03924305737018585]
      t=238: [0.49804407358169556, -0.13334336876869202, 0.22310219705104828, 0.9187326431274414, -0.3947107791900635, -0.009866876527667046, 0.006028530187904835, 0.03924305737018585]
      t=239: [0.497085839509964, -0.13127492368221283, 0.22166410088539124, 0.9194073677062988, -0.3931492269039154, -0.009633071720600128, 0.005563188344240189, 0.039240431040525436]
      t=240: [0.4961998164653778, -0.1293184757232666, 0.2202613353729248, 0.9200280904769897, -0.3917115330696106, -0.009179827757179737, 0.00511537678539753, 0.039240431040525436]
      t=241: [0.49566450715065, -0.12768402695655823, 0.21923086047172546, 0.9205676317214966, -0.3904724419116974, -0.008079604245722294, 0.0046086967922747135, 0.039240431040525436]
      t=242: [0.49533405900001526, -0.12601681053638458, 0.21843387186527252, 0.9211319088935852, -0.3891739249229431, -0.0066177379339933395, 0.003987362142652273, 0.039240431040525436]
      t=243: [0.49537360668182373, -0.12482239305973053, 0.21806254982948303, 0.9215593934059143, -0.38818421959877014, -0.005396251101046801, 0.0034866230562329292, 0.039240431040525436]
      t=244: [0.49561411142349243, -0.12399261444807053, 0.21787413954734802, 0.921875, -0.3874526917934418, -0.004184687044471502, 0.0030671614222228527, 0.039240431040525436]
      t=245: [0.49592429399490356, -0.12341464310884476, 0.2177623212337494, 0.9221057295799255, -0.386918842792511, -0.002778408583253622, 0.0026580756530165672, 0.039240431040525436]
      t=246: [0.4962727129459381, -0.12303675711154938, 0.2177111655473709, 0.9222671389579773, -0.386544793844223, -0.0011455651838332415, 0.0022533221635967493, 0.039240431040525436]
      t=247: [0.4964694082736969, -0.12292234599590302, 0.21755708754062653, 0.9223213791847229, -0.3864183723926544, -7.638408715138212e-05, 0.0020160891581326723, 0.039240431040525436]
      t=248: [0.49655860662460327, -0.12290115654468536, 0.21714915335178375, 0.9223330020904541, -0.38639089465141296, 0.000742833421099931, 0.0018403135472908616, 0.03924305737018585]
      t=249: [0.4965163767337799, -0.12286775559186935, 0.2162240594625473, 0.9223356246948242, -0.386383980512619, 0.0012423278531059623, 0.0017021867679432034, 0.03924305737018585]
      t=250: [0.49643588066101074, -0.12282538414001465, 0.21517805755138397, 0.9223406314849854, -0.3863721191883087, 0.001255479292012751, 0.0016462741186842322, 0.03924305737018585]
      t=251: [0.4962947368621826, -0.12276918441057205, 0.21387766301631927, 0.9223449230194092, -0.38636264204978943, 0.0010376853169873357, 0.0016198009252548218, 0.03924305737018585]
      t=252: [0.49618372321128845, -0.12272466719150543, 0.2127605378627777, 0.9223474860191345, -0.38635703921318054, 0.0009057901916094124, 0.0015871425857767463, 0.039240431040525436]
      t=253: [0.49612513184547424, -0.12269457429647446, 0.21183551847934723, 0.9223510026931763, -0.3863488733768463, 0.0008528041653335094, 0.0015480302972719073, 0.039240431040525436]
      t=254: [0.496072381734848, -0.1226675733923912, 0.2108287811279297, 0.9223519563674927, -0.3863469362258911, 0.0007786895148456097, 0.0015104268677532673, 0.039240431040525436]
      t=255: [0.496025949716568, -0.12263302505016327, 0.20994555950164795, 0.9223586916923523, -0.386331170797348, 0.0006818553665652871, 0.001480267965234816, 0.039240431040525436]
      t=256: [0.4959964454174042, -0.12259192764759064, 0.20923100411891937, 0.9223665595054626, -0.38631269335746765, 0.000631163187790662, 0.00144586234819144, 0.039240431040525436]
      t=257: [0.49604326486587524, -0.12247119843959808, 0.20886845886707306, 0.9224110841751099, -0.38620632886886597, 0.0007659660186618567, 0.0013710347702726722, 0.03923977166414261]
      t=258: [0.49616512656211853, -0.12223179638385773, 0.20879481732845306, 0.9225049614906311, -0.38598164916038513, 0.0010639219544827938, 0.0012536817230284214, 0.03923977166414261]
      t=259: [0.4962998032569885, -0.1219211146235466, 0.20883458852767944, 0.9226242899894714, -0.3856958746910095, 0.0013173610204830766, 0.0011552604846656322, 0.03923977166414261]
      t=260: [0.49653390049934387, -0.12119248509407043, 0.2088722437620163, 0.9229041337966919, -0.3850252330303192, 0.0015542854089289904, 0.001024746336042881, 0.03923977166414261]
      t=261: [0.49671778082847595, -0.12054815143346786, 0.20888996124267578, 0.9231487512588501, -0.3844381868839264, 0.0016724837478250265, 0.00093048345297575, 0.03923977166414261]
      t=262: [0.4969125986099243, -0.11982536315917969, 0.20889674127101898, 0.923421323299408, -0.38378289341926575, 0.001758820260874927, 0.0008247480145655572, 0.039241086691617966]
      t=263: [0.49702149629592896, -0.11944746226072311, 0.20890925824642181, 0.9235658049583435, -0.3834347128868103, 0.0018393028294667602, 0.0007675872184336185, 0.039241086691617966]
      t=264: [0.4970857799053192, -0.11924305558204651, 0.20891618728637695, 0.9236427545547485, -0.3832491636276245, 0.0019052241696044803, 0.0007326984195969999, 0.039241086691617966]
      t=265: [0.49711036682128906, -0.11919722706079483, 0.20892228186130524, 0.9236602187156677, -0.38320669531822205, 0.001972163561731577, 0.0007121561211533844, 0.039241086691617966]
      t=266: [0.4971243143081665, -0.11919143050909042, 0.20892968773841858, 0.9236642122268677, -0.3831968903541565, 0.0020312205888330936, 0.0007006855448707938, 0.039241086691617966]
      t=267: [0.4971402883529663, -0.11918700486421585, 0.20893681049346924, 0.9236669540405273, -0.3831898868083954, 0.0021019314881414175, 0.0006870562210679054, 0.039241086691617966]
      t=268: [0.49715113639831543, -0.11918551474809647, 0.20894314348697662, 0.9236670732498169, -0.38318932056427, 0.002151999855414033, 0.0006760404794476926, 0.039241086691617966]
      t=269: [0.4971611201763153, -0.1191888302564621, 0.2089497447013855, 0.9236674904823303, -0.38318800926208496, 0.0022018461022526026, 0.0006679440848529339, 0.039241086691617966]
      t=270: [0.4971802532672882, -0.1191924586892128, 0.2089659720659256, 0.9236668944358826, -0.383188933134079, 0.0022933529689908028, 0.0006519732996821404, 0.039225984364748]
      t=271: [0.4971891939640045, -0.11919645965099335, 0.2089730203151703, 0.9236665368080139, -0.3831896483898163, 0.0023361046332865953, 0.0006445168983191252, 0.039225984364748]
      t=272: [0.49719494581222534, -0.11920201778411865, 0.20897868275642395, 0.9236639142036438, -0.38319578766822815, 0.002366561209782958, 0.0006392102222889662, 0.053193941712379456]
      t=273: [0.497201144695282, -0.11920011788606644, 0.20898383855819702, 0.9236651062965393, -0.38319265842437744, 0.0023925674613565207, 0.0006340161198750138, 0.053193941712379456]
      t=274: [0.49720245599746704, -0.11920173466205597, 0.20898351073265076, 0.9236648082733154, -0.38319340348243713, 0.00240508234128356, 0.0006317032966762781, 0.053193941712379456]
      t=275: [0.49720674753189087, -0.11920198798179626, 0.20898756384849548, 0.9236648082733154, -0.3831931948661804, 0.002421060809865594, 0.0006299958331510425, 0.07293596863746643]
      t=276: [0.49720966815948486, -0.11920337378978729, 0.2089906930923462, 0.9236650466918945, -0.3831925690174103, 0.0024379161186516285, 0.0006267015123739839, 0.07293596863746643]
      t=277: [0.49726206064224243, -0.11921636015176773, 0.20904788374900818, 0.9236605167388916, -0.38320204615592957, 0.0026704075280576944, 0.0005873495829291642, 0.07293596863746643]
      t=278: [0.4973905086517334, -0.11924740672111511, 0.2093050330877304, 0.9236158132553101, -0.3833056092262268, 0.0032208235934376717, 0.0004989419248886406, 0.07293596863746643]
      t=279: [0.49772679805755615, -0.11933480948209763, 0.21032188832759857, 0.9234083890914917, -0.3837920129299164, 0.0045296624302864075, 0.0003084032505284995, 0.0783153772354126]
      t=280: [0.49844875931739807, -0.11953036487102509, 0.21323388814926147, 0.9227835536003113, -0.3852461278438568, 0.007476754952222109, -9.252647578250617e-05, 0.0783153772354126]
      t=281: [0.4993929862976074, -0.11978542804718018, 0.21753334999084473, 0.9220028519630432, -0.38700851798057556, 0.011605659499764442, -0.0006549663376063108, 0.0783153772354126]
      t=282: [0.5004211664199829, -0.12001936882734299, 0.22301602363586426, 0.9210730195045471, -0.38904866576194763, 0.016248181462287903, -0.0012718914076685905, 0.0783153772354126]
      t=283: [0.501129686832428, -0.1198488101363182, 0.22901561856269836, 0.9202373027801514, -0.39084455370903015, 0.020022042095661163, -0.001726351911202073, 0.0783153772354126]
      t=284: [0.5013287663459778, -0.11899536848068237, 0.23558351397514343, 0.919583261013031, -0.39225056767463684, 0.022414671257138252, -0.0019176690839231014, 0.07919728010892868]
      t=285: [0.5010451674461365, -0.11742529273033142, 0.24289470911026, 0.9191307425498962, -0.3932660222053528, 0.023180793970823288, -0.001786058652214706, 0.07932336628437042]
      t=286: [0.5003528594970703, -0.11508463323116302, 0.2519652545452118, 0.9185556173324585, -0.39462319016456604, 0.02293865755200386, -0.0014073057100176811, 0.07932336628437042]
      t=287: [0.49964988231658936, -0.11300060898065567, 0.2608236074447632, 0.917934000492096, -0.39609646797180176, 0.02244545705616474, -0.000987981678918004, 0.07932336628437042]
      t=288: [0.4988517165184021, -0.1108279898762703, 0.27043989300727844, 0.9173395037651062, -0.3975035548210144, 0.021883567795157433, -0.00045864059939049184, 0.07932336628437042]
      t=289: [0.4979758560657501, -0.1085166409611702, 0.28021109104156494, 0.9166753888130188, -0.399054616689682, 0.021484585478901863, 6.759304960723966e-05, 0.07934306561946869]
      t=290: [0.4967431426048279, -0.10580488294363022, 0.2904738783836365, 0.9160165786743164, -0.4006138741970062, 0.02053426019847393, 0.000728930055629462, 0.07934306561946869]
      t=291: [0.4951891601085663, -0.10291135311126709, 0.30042776465415955, 0.9155439138412476, -0.40175163745880127, 0.019308650866150856, 0.00147105916403234, 0.07934306561946869]
      t=292: [0.49328985810279846, -0.09951306134462357, 0.31048905849456787, 0.9151474833488464, -0.402724951505661, 0.017670292407274246, 0.0023438329808413982, 0.07934306561946869]

  [gripper from observations/joint_pos last 2 dims]
    range=(0.038575, 0.079353)
    mean_abs_delta=0.000280
    first=[0.07935291528701782, 0.07935291528701782], last=[0.07934306561946869, 0.07934306561946869]

  [observations/images]
    camera_front_color: shape=(293, 480, 640, 3), dtype=uint8
    camera_left_color: shape=(293, 480, 640, 3), dtype=uint8
    camera_wrist_color: shape=(293, 480, 640, 3), dtype=uint8

============================================================
  视频信息（采样自 episode 2，共 131 个 episode）
============================================================
  Camera 0: 640x480 @ 30.0 fps  codec=h264  pix_fmt=yuv420p  duration=16.43s
  Camera 1: 640x480 @ 30.0 fps  codec=h264  pix_fmt=yuv420p  duration=16.43s
  Camera 2: 640x480 @ 30.0 fps  codec=h264  pix_fmt=yuv420p  duration=16.43s

